-- phpMyAdmin SQL Dump
-- version 4.7.9
-- https://www.phpmyadmin.net/
--
-- Host: 127.0.0.1
-- Generation Time: Mar 05, 2023 at 05:27 PM
-- Server version: 10.1.31-MariaDB
-- PHP Version: 7.2.3

SET SQL_MODE = "NO_AUTO_VALUE_ON_ZERO";
SET AUTOCOMMIT = 0;
START TRANSACTION;
SET time_zone = "+00:00";


/*!40101 SET @OLD_CHARACTER_SET_CLIENT=@@CHARACTER_SET_CLIENT */;
/*!40101 SET @OLD_CHARACTER_SET_RESULTS=@@CHARACTER_SET_RESULTS */;
/*!40101 SET @OLD_COLLATION_CONNECTION=@@COLLATION_CONNECTION */;
/*!40101 SET NAMES utf8mb4 */;

--
-- Database: `unikpos`
--

-- --------------------------------------------------------

--
-- Table structure for table `pelanggan`
--

CREATE TABLE `pelanggan` (
  `id_pelanggan` int(11) NOT NULL,
  `nama` varchar(50) NOT NULL,
  `jenkel` enum('L','P') NOT NULL,
  `no_telp` varchar(15) NOT NULL,
  `alamat` varchar(200) DEFAULT NULL,
  `dibuat` datetime NOT NULL DEFAULT CURRENT_TIMESTAMP,
  `diubah` datetime DEFAULT NULL
) ENGINE=InnoDB DEFAULT CHARSET=latin1;

--
-- Dumping data for table `pelanggan`
--

INSERT INTO `pelanggan` (`id_pelanggan`, `nama`, `jenkel`, `no_telp`, `alamat`, `dibuat`, `diubah`) VALUES
(1, 'Bakmi Jawa \"Kang No\"', 'L', '-', 'Patalan, Jetis, Bantul', '2022-06-27 09:51:54', '2022-06-27 05:07:04');

-- --------------------------------------------------------

--
-- Table structure for table `pemasok`
--

CREATE TABLE `pemasok` (
  `id_pemasok` int(11) NOT NULL,
  `nama` varchar(50) NOT NULL,
  `no_telp` varchar(13) NOT NULL,
  `alamat` varchar(200) NOT NULL,
  `deskripsi` text,
  `dibuat` datetime NOT NULL DEFAULT CURRENT_TIMESTAMP,
  `diubah` datetime DEFAULT NULL
) ENGINE=InnoDB DEFAULT CHARSET=latin1;

--
-- Dumping data for table `pemasok`
--

INSERT INTO `pemasok` (`id_pemasok`, `nama`, `no_telp`, `alamat`, `deskripsi`, `dibuat`, `diubah`) VALUES
(1, '\"S\"TELUR PUSAT GROSIR TELUR', '081802696908', 'Cangkring, Sidomulyo, Bambanglipuro, Bantul', 'Sales Telur', '2022-06-21 09:32:13', NULL),
(2, 'PT INDOMARCO ADI PRIMA', '081808398889', 'Jl Jend Sudirman KAV 76-78 Setiabudi Jakarta Selatan', 'Distributor', '2022-06-22 14:03:51', NULL),
(3, 'PT CIPTA KERYA AGUNG ABADI', '02746498498', 'Jl. Wates Km 7 Balecatur , Gamping, Sleman, D.I.Yogyakarta', 'Pamsok Mie Sedap', '2022-06-23 12:07:51', NULL);

-- --------------------------------------------------------

--
-- Table structure for table `pengguna`
--

CREATE TABLE `pengguna` (
  `id_pengguna` int(11) NOT NULL,
  `nama_pengguna` varchar(50) NOT NULL,
  `katasandi` varchar(50) NOT NULL,
  `nama` varchar(50) NOT NULL,
  `alamat` varchar(200) DEFAULT NULL,
  `level` int(1) NOT NULL COMMENT '1:admin, 2:kasir'
) ENGINE=InnoDB DEFAULT CHARSET=latin1;

--
-- Dumping data for table `pengguna`
--

INSERT INTO `pengguna` (`id_pengguna`, `nama_pengguna`, `katasandi`, `nama`, `alamat`, `level`) VALUES
(1, 'faizal', 'd033e22ae348aeb5660fc2140aec35850c4da997', 'Faizal Nurdiansyah', 'Pundong Bantul', 1),
(8, 'triwahyuni', '689977da1c483e89ac861a2cfe2ecf38911adf69', 'Tri Wahyuni', 'Pundong, Bantul', 1),
(9, 'trinuryani', 'd667bfaaff8a8b50bb4f1fed8e155fe8ff6e71ae', 'Tri Nuryani', 'Krapyak Wetan', 2),
(10, 'jamari', '4922e8a1425670d3f0e68b0b6128ba93b43a3b75', 'Jamari', 'Dempet, Srihardono, Pundong, Bantul', 2);

-- --------------------------------------------------------

--
-- Table structure for table `p_barang`
--

CREATE TABLE `p_barang` (
  `id_barang` int(11) NOT NULL,
  `barcode` varchar(50) NOT NULL,
  `nama` varchar(50) NOT NULL,
  `id_kategori` int(11) NOT NULL,
  `id_satuan` int(11) NOT NULL,
  `harga` int(11) NOT NULL,
  `retur` int(1) NOT NULL DEFAULT '1' COMMENT '1:ya,2:tidak',
  `stok` int(11) NOT NULL DEFAULT '0',
  `dibuat` datetime NOT NULL DEFAULT CURRENT_TIMESTAMP,
  `diubah` datetime DEFAULT NULL
) ENGINE=InnoDB DEFAULT CHARSET=latin1;

--
-- Dumping data for table `p_barang`
--

INSERT INTO `p_barang` (`id_barang`, `barcode`, `nama`, `id_kategori`, `id_satuan`, `harga`, `retur`, `stok`, `dibuat`, `diubah`) VALUES
(1, '8992736290409', 'Sasa tepung bakwan', 2, 1, 2500, 1, 10, '2022-06-19 11:14:46', '2022-06-20 04:05:41'),
(2, '8992736980164', 'Sasa tepung kentucky', 2, 1, 2500, 1, 3, '2022-06-19 11:15:46', '2022-06-20 04:05:17'),
(3, '8997011931565', 'Desaku kunyit bubuk', 2, 1, 1000, 1, 6, '2022-06-19 11:16:59', '2022-06-20 04:06:12'),
(4, '8997011931107', 'Desaku ketumbar bubuk', 2, 1, 1000, 1, 3, '2022-06-19 11:17:39', '2022-06-20 04:07:30'),
(5, '8997011930612', 'Ladaku Merica bubuk', 2, 1, 1000, 1, 555, '2022-06-19 11:18:15', NULL),
(6, '8997011931701', 'Desaku Bubuk Gulai ', 2, 1, 2000, 1, 8, '2022-06-19 11:19:39', NULL),
(7, '8997011931695', 'Desaku Lodeh', 2, 1, 2000, 1, 3, '2022-06-19 11:20:29', NULL),
(8, '8997011931725', 'Sambal Goreng', 2, 1, 2000, 1, 2, '2022-06-19 11:21:50', '2022-06-20 09:19:47'),
(9, '8997011931732', 'Desaku Marinasi tempe', 2, 1, 1000, 1, 8, '2022-06-19 11:23:11', '2022-06-20 04:06:48'),
(10, 'UNIK220619001', 'Gula Pasir 1/4', 2, 2, 3250, 1, 32, '2022-06-19 11:31:19', NULL),
(11, 'UNIK220619002', 'Gula Pasir 1/2', 2, 2, 6500, 1, 35, '2022-06-19 11:31:47', NULL),
(12, 'UNIK220619003', 'Gula Pasir 1', 2, 2, 13000, 1, 114, '2022-06-19 11:32:33', NULL),
(13, '8998866200301', 'Mie Sedaap Goreng', 1, 8, 3000, 1, 63, '2022-06-19 11:35:46', NULL),
(14, '8998866200318', 'Mie Sedaap Ayam Bawang', 1, 8, 2800, 1, 36, '2022-06-19 11:36:51', NULL),
(15, '8998866203401', 'Mie Sedaap Soto Madura', 1, 8, 2800, 1, 32, '2022-06-19 11:38:30', NULL),
(16, '8998866200325', 'Mie Sedaap Soto', 1, 8, 2800, 1, 14, '2022-06-19 11:39:33', NULL),
(17, '8998866200578', 'Mie Sedaap Kari Spesial', 1, 8, 2800, 1, 17, '2022-06-19 11:40:31', NULL),
(18, '8998866203104', 'Mie Sedaap Singapore Spcy', 1, 8, 2800, 1, 17, '2022-06-19 11:43:26', NULL),
(19, '8998866200929', 'Mie Sedaap Bakso Spesial', 1, 8, 2800, 1, 17, '2022-06-19 11:44:55', NULL),
(20, '8998866202619', 'Mie Sedaap Korean Soup', 1, 8, 2800, 1, 28, '2022-06-19 11:46:12', '2022-06-19 06:46:59'),
(21, '8998866202343', 'Mie Sedaap Korean Goreng', 1, 8, 3000, 1, 42, '2022-06-19 11:48:08', '2022-06-19 06:48:55'),
(22, '089686043433', 'Indomie Goreng Geprek', 1, 8, 3000, 1, 30, '2022-06-19 11:50:42', NULL),
(23, '089686017076', 'Sarimi Ayam Bawang', 1, 8, 2800, 1, 21, '2022-06-19 11:51:32', NULL),
(24, '089686010015', 'Indomie Ayam Bawang', 1, 8, 2800, 1, 30, '2022-06-19 11:52:28', NULL),
(25, '089686010947', 'Indomie Goreng', 1, 8, 3000, 1, 24, '2022-06-19 11:53:22', NULL),
(26, '089686010343', 'Indomie Soto', 1, 8, 2800, 1, 27, '2022-06-19 11:54:08', NULL),
(27, '8998866200561', 'Eko Mie 600g', 1, 8, 9500, 1, 4, '2022-06-19 11:56:50', NULL),
(28, '8998866200981', 'Eko Mie 120g', 1, 8, 2000, 1, 110, '2022-06-19 11:57:48', '2022-06-24 09:23:50'),
(29, 'UNIK220619004', 'Bihun Superior', 1, 8, 7000, 1, 27, '2022-06-19 11:59:36', NULL),
(30, 'UNIK220619005', 'Mie Kering Superior', 1, 8, 7000, 1, 14, '2022-06-19 12:00:46', NULL),
(31, '8991688891023', 'Kenduri mie', 1, 8, 10000, 1, 94, '2022-06-19 12:01:46', NULL),
(32, 'UNIK220619006', 'Mie Burung Dara Bakso', 1, 8, 15000, 1, 50, '2022-06-19 12:03:01', NULL),
(33, '089686400854', 'Indofood Sambal Eks Pedas 275ml', 2, 9, 10000, 1, 22, '2022-06-19 12:05:28', '2022-06-20 07:58:57'),
(34, '089686400816', 'Indofood Sambal Eks Pedas 135ml', 2, 9, 6000, 1, 35, '2022-06-19 12:05:55', '2022-06-20 07:58:38'),
(35, '8998866608008', 'Kecap Sedaap Botol 135ml', 2, 9, 7000, 1, 19, '2022-06-19 12:06:41', NULL),
(36, '8998866608039', 'Kecap Sedaap 63+6ml', 2, 4, 2000, 1, 35, '2022-06-19 12:08:20', NULL),
(37, '8999999100506', 'Kecap Bango 520ml', 2, 4, 22000, 1, 13, '2022-06-19 12:09:20', NULL),
(38, '8999999514006', 'Kecap Bango 60+6ml', 2, 4, 3000, 1, 15, '2022-06-19 12:10:48', NULL),
(39, '8999999533496', 'Kecap Bango 19ml', 2, 1, 1000, 1, 120, '2022-06-19 12:11:29', NULL),
(40, '8999999012625', 'Kecap Bango 210ml', 2, 4, 11000, 1, 8, '2022-06-19 12:15:57', NULL),
(41, '8997007521596', 'Pohon Mangga Pala Super', 2, 1, 1000, 1, 20, '2022-06-20 09:09:32', '2022-06-25 05:13:52'),
(42, '8997007521619', 'Pohon Mangga Tpng Bawang Putih', 2, 1, 500, 1, 29, '2022-06-20 09:11:32', '2022-06-20 08:15:55'),
(43, '089686386011', 'Racik Nasi Goreng', 2, 1, 2000, 1, 2, '2022-06-20 09:12:52', '2022-06-22 05:24:16'),
(44, '8991818080112', 'Sambal Terasi Uleg', 2, 1, 1500, 1, 4, '2022-06-20 09:13:50', NULL),
(45, '8992736010168', 'Sasa Tepung Pisang Grg', 2, 1, 2500, 1, 8, '2022-06-20 09:15:19', NULL),
(46, '3516663740001', 'Fermipan 11g', 2, 1, 5000, 1, 56, '2022-06-20 09:17:35', NULL),
(47, '8997220180099', 'Agar Swallow Putih', 1, 1, 4000, 1, 20, '2022-06-20 09:19:05', NULL),
(48, '8997220180136', 'Agar Swallow Hijau', 1, 1, 4000, 1, 30, '2022-06-20 09:19:35', NULL),
(49, '8997220180112', 'Agar Swallow Merah', 1, 1, 4000, 1, 19, '2022-06-20 09:20:02', NULL),
(50, '8992753031900', 'Susu Fr Flag Kental Manis 6pcs', 4, 7, 8000, 1, 12, '2022-06-20 09:21:53', '2022-06-20 08:28:48'),
(51, '8992753102303', 'Susu Fr Flag Coklat 6pcs', 4, 7, 8000, 1, 20, '2022-06-20 09:23:07', '2022-06-20 08:29:07'),
(52, 'UNIK220620001', 'Nescafe Classic 10pcs', 4, 7, 5000, 1, 4, '2022-06-20 09:25:20', '2022-06-20 04:27:35'),
(53, '8991002105584', 'Kapal Api Special 6.5 g 10pcs', 4, 7, 5000, 1, 6, '2022-06-20 09:26:16', '2022-06-20 04:27:16'),
(54, '8991002103832', 'GoodDay Chococinno 10pcs', 4, 7, 11000, 1, 14, '2022-06-20 09:28:30', NULL),
(55, '8991002103238', 'GoodDay Mocacinno 10pcs', 4, 7, 11000, 1, 4, '2022-06-20 09:29:13', NULL),
(56, '8998866202626', 'Top Coffee Gula Aren 15pcs', 4, 7, 11000, 1, 38, '2022-06-20 09:41:37', NULL),
(57, '8998866609234', 'Top Coffee White 12pcs', 4, 7, 11000, 1, 8, '2022-06-20 09:44:43', NULL),
(58, '8998866809689', 'Top Coffee Cappuccino 15pcs', 4, 7, 14000, 1, 36, '2022-06-20 09:44:54', NULL),
(59, '8991002105430', 'Kapal Api Special 65g', 4, 1, 5000, 1, 38, '2022-06-20 09:48:11', NULL),
(60, '8998866201971', 'Neo Coffee Moccachino 10pcs', 4, 7, 8000, 1, 35, '2022-06-20 09:48:18', NULL),
(61, '8998866201995', 'Neo Coffee Caramel M 10pcs', 4, 7, 8000, 1, 36, '2022-06-20 09:48:25', NULL),
(62, '8998866202015', 'Neo Coffee Tiramisu 10pcs', 4, 7, 8000, 1, 16, '2022-06-20 09:48:32', NULL),
(63, '8992742380972', 'Polytex Spon', 5, 8, 2500, 1, 8, '2022-06-20 09:51:06', NULL),
(64, 'UNIK220620002', 'Star1 Spon', 5, 8, 2500, 1, 6, '2022-06-20 09:51:38', NULL),
(65, 'UNIK220620003', 'Moto Cap Udang', 2, 1, 500, 1, 17, '2022-06-20 09:53:53', '2022-06-23 05:11:27'),
(66, '8999999502409', 'Royco Sapi 12pcs', 2, 7, 5000, 1, 30, '2022-06-20 09:54:38', NULL),
(67, '8999999502393', 'Royco Ayam 12pcs', 2, 7, 5000, 1, 49, '2022-06-20 09:55:11', NULL),
(68, 'UNIK220620004', 'Mata Roda Penguat Rasa 250g', 2, 1, 9000, 1, 42, '2022-06-20 09:55:47', '2022-06-23 05:11:56'),
(69, '8992770033130', 'Masako ayam 12pcs', 2, 7, 5000, 1, 88, '2022-06-20 09:56:32', NULL),
(70, '8997031100569', 'Valensia Minyak Grg 500ml', 3, 9, 11500, 1, 12, '2022-06-20 10:02:16', NULL),
(71, '8992946532733', 'Hemart Minyak Grg 500ml', 3, 9, 12500, 1, 22, '2022-06-20 10:02:24', NULL),
(72, '8992946530357', 'Hemart Minyak Grg 1L', 3, 9, 22500, 1, 23, '2022-06-20 10:02:34', '2022-06-20 05:03:07'),
(73, '8993379500221', 'SunCo Minyak Grg 1L pch', 3, 4, 24000, 1, 16, '2022-06-20 10:03:15', NULL),
(74, '8993093665237', 'Tawon Minyak Grg 1L pch', 3, 4, 22000, 1, 27, '2022-06-20 10:03:27', NULL),
(75, '8993379500238', 'SunCo Minyak Grg  2L pch', 3, 4, 46000, 1, 11, '2022-06-20 10:03:38', NULL),
(76, '8993093115008', 'Rose Brand Tp Beras 500g', 3, 8, 6000, 1, 19, '2022-06-20 10:09:22', NULL),
(77, '8993093664605', 'Rose Brand Tapioka 500g', 3, 8, 6000, 1, 29, '2022-06-20 10:09:34', NULL),
(78, '8993093665138', 'Rose Brand Tp Beras 200g', 3, 8, 2500, 1, 73, '2022-06-20 10:09:46', NULL),
(79, '8997001240035', 'Pita Merah Terigu', 3, 8, 11000, 1, 10, '2022-06-20 10:09:55', '2022-06-23 06:20:13'),
(80, '8993296210005', 'Segitiga Biru 1kg', 3, 8, 12000, 1, 38, '2022-06-20 10:10:06', NULL),
(81, '8993296205001', 'Segitiga Biru 500g', 3, 8, 6500, 1, 39, '2022-06-20 10:10:16', NULL),
(82, 'UNIK220620005', 'GM Garam Bata 1kg', 2, 8, 5000, 1, 120, '2022-06-20 10:13:00', '2022-06-20 08:52:09'),
(83, '8993226302503', 'Daun Garam Meja', 2, 1, 2000, 1, 126, '2022-06-20 10:13:10', NULL),
(84, '8993226112508', 'Refina Garam Meja', 2, 1, 3000, 1, 65, '2022-06-20 10:13:18', NULL),
(85, 'UNIK220620006', 'Plastik Apollo 9x17(1/4kg)', 5, 1, 1500, 1, 101, '2022-06-20 10:14:36', '2022-06-25 07:09:47'),
(86, 'UNIK220620007', 'Plastik Apollo 11x22(1/2kg)', 5, 1, 2500, 1, 60, '2022-06-20 10:15:24', '2022-06-25 07:10:01'),
(87, 'UNIK220620008', 'Plastik Apollo 14x27(1kg)', 5, 1, 3500, 1, 112, '2022-06-20 10:16:05', '2022-06-25 07:10:24'),
(88, 'UNIK220620009', 'Plastik Apollo 20x29(2kg)', 5, 1, 5000, 1, 79, '2022-06-20 10:16:41', '2022-06-25 07:10:43'),
(89, 'UNIK220620010', 'Plastik Apollo 23x39(3kg)', 5, 1, 6500, 1, 34, '2022-06-20 10:17:15', '2022-06-25 07:10:59'),
(90, '8997209990091', 'Plastik Joyo Boyo HD 11x22(1/2kg)', 5, 1, 2500, 1, 45, '2022-06-20 10:23:57', '2022-06-25 07:11:20'),
(91, '8997209990121', 'Plastik Joyo Boyo HD 14x27(1kg)', 5, 1, 3500, 1, 31, '2022-06-20 10:24:17', '2022-06-25 07:11:35'),
(92, 'UNIK220620011', 'Plastik Joyo Boyo 9x18(1/4kg)', 5, 1, 1500, 1, 45, '2022-06-20 10:24:29', '2022-06-25 07:11:51'),
(93, 'UNIK220620012', 'Plastik Joyo Boyo Es Batu 11x22 ', 5, 1, 5500, 1, 55, '2022-06-20 10:25:09', '2022-06-25 07:12:04'),
(94, '8999999390198', 'Sunlight 755ml', 6, 4, 18000, 1, 27, '2022-06-20 10:32:46', NULL),
(95, '8999999059781', 'Sunlight 210ml', 6, 4, 5000, 1, 21, '2022-06-20 10:32:50', NULL),
(96, '8999999050009', 'Sunlight 105ml', 6, 4, 2000, 1, 49, '2022-06-20 10:33:27', NULL),
(97, '8999999558079', 'Rinso Molto 6x42g', 6, 7, 5000, 1, 9, '2022-06-20 10:38:02', NULL),
(98, 'UNIK220620013', 'Citric Acid Gajah', 2, 1, 2500, 1, 160, '2022-06-20 10:38:11', NULL),
(99, '8886007811076', 'Teh Sosro Celup 30pc', 4, 8, 6000, 1, 23, '2022-06-20 10:45:36', '2022-06-20 05:50:09'),
(100, '8992780010039', 'Teh Tang Hijau 10pcs', 4, 8, 26000, 1, 65, '2022-06-20 10:46:59', '2022-06-24 09:25:05'),
(101, '8992780010268', 'Teh Tang Biru 10pcs', 4, 8, 26000, 1, 13, '2022-06-20 10:47:06', '2022-06-24 09:24:49'),
(102, '8994002150363', 'Teh Spd Balap', 4, 8, 18000, 1, 20, '2022-06-20 10:47:17', NULL),
(103, '8992780010015', 'Teh Tjatoet', 4, 8, 29000, 1, 2, '2022-06-20 10:47:31', NULL),
(104, '8886007811113', 'Teh Poci Vanila Celup 25pc', 4, 8, 5500, 1, 14, '2022-06-20 10:49:46', NULL),
(105, '8886007811410', 'Teh Poci Asli Celup 25pc', 4, 8, 5500, 1, 11, '2022-06-20 10:49:53', NULL),
(106, '8886007811533', 'Teh Sosro Celup 15pc', 4, 8, 3000, 1, 19, '2022-06-20 10:50:04', NULL),
(107, 'UNIK220620014', 'Minyak 1 L', 3, 6, 13500, 1, 28, '2022-06-20 10:54:23', '2022-06-21 08:42:51'),
(108, 'UNIK220620015', 'Botol Kosong ', 5, 9, 500, 1, 43, '2022-06-20 10:54:57', '2022-06-20 10:15:14'),
(109, 'UNIK220620016', 'Gula Jawa Dakon 1 kg', 2, 2, 15000, 1, 25, '2022-06-20 10:56:55', '2022-06-20 06:00:42'),
(110, 'UNIK220620017', 'Gula Jawa Kokap 1 kg', 2, 2, 24000, 1, 9, '2022-06-20 10:58:02', '2022-06-26 06:25:59'),
(111, 'UNIK220620018', 'Gula Batu Biasa 1kg', 2, 2, 15000, 1, 12, '2022-06-20 10:58:55', NULL),
(112, 'UNIK220620019', 'Gula Batu Kerikil 1kg', 2, 2, 17000, 1, 16, '2022-06-20 10:59:22', NULL),
(113, 'UNIK220620020', 'Gula Batu Kristal 1kg', 2, 2, 18000, 1, 43, '2022-06-20 10:59:48', NULL),
(115, 'UNIK220620022', 'Tp Gandum 1kg', 3, 2, 9500, 1, 42, '2022-06-20 11:03:34', NULL),
(116, '18998866200308', 'Mie Sedaap Goreng 1dus', 1, 3, 111000, 1, 3, '2022-06-20 11:22:38', NULL),
(117, '18998866202616', 'Mie Sedaap Korean Soup 1dus', 1, 3, 106000, 1, 2, '2022-06-20 11:28:42', '2022-06-20 06:34:05'),
(118, '18998866200926', 'Mie Sedaap Bakso Spesial 1dus', 1, 3, 106000, 1, 1, '2022-06-20 11:28:50', NULL),
(119, '18998866200322', 'Mie Sedaap Soto 1dus', 1, 3, 106000, 1, 7, '2022-06-20 11:28:59', NULL),
(120, '18998866202340', 'Mie Sedaap Korean Goreng 1dus', 1, 3, 111000, 1, 1, '2022-06-20 11:32:44', '2022-06-20 06:37:52'),
(121, '18998866203104', 'Mie Sedaap Singapore Spcy1dus', 1, 3, 106000, 1, 3, '2022-06-20 11:39:05', NULL),
(122, '18998866200578', 'Mie Sedaap Kari Spesial 1dus', 1, 3, 106000, 1, 3, '2022-06-20 11:39:28', NULL),
(123, '18998866203401', 'Mie Sedaap Soto Madura 1dus', 1, 3, 106000, 1, 0, '2022-06-20 11:39:58', NULL),
(124, '18998866200318', 'Mie Sedaap Ayam Bawang 1dus', 1, 3, 106000, 1, 7, '2022-06-20 11:40:23', NULL),
(125, '1089686010015', 'Indomie Ayam Bawang 1dus', 1, 3, 108000, 1, 4, '2022-06-20 11:40:44', NULL),
(126, '1089686043433', 'Indomie Goreng Geprek 1dus', 1, 3, 113000, 1, 1, '2022-06-20 11:41:00', NULL),
(127, '1089686010947', 'Indomie Goreng 1dus', 1, 3, 113000, 1, 1, '2022-06-20 11:41:27', NULL),
(128, '1089686010343', 'Indomie Soto 1dus', 1, 3, 108000, 1, 3, '2022-06-20 11:41:48', NULL),
(129, 'UNIK220620023', 'Pati Garut', 3, 8, 8000, 1, 13, '2022-06-20 14:54:59', NULL),
(131, 'UNIK220620025', 'Telur /10gram', 3, 10, 265, 1, 151168, '2022-06-20 16:45:45', '2022-06-27 06:31:55'),
(132, 'UNIK220620026', 'Kemiri /gram', 2, 10, 40, 1, 5225, '2022-06-20 23:40:40', '2022-06-20 18:41:16'),
(133, 'UNIK220621001', 'Bawang Merah /gram', 2, 10, 60, 1, 4722, '2022-06-21 08:42:09', NULL),
(134, 'UNIK220621002', 'Bawang Putih Kating /gram', 2, 10, 32, 1, 826, '2022-06-21 08:42:33', NULL),
(135, 'UNIK220621003', 'Bawang Putih Cinco /gram', 2, 10, 20, 1, 3025, '2022-06-21 08:42:59', NULL),
(136, 'UNIK220621004', 'Bawang Merah India /gram', 2, 10, 22, 1, 5180, '2022-06-21 08:43:16', NULL),
(137, 'UNIK220621005', 'Ketumbar /gram', 2, 10, 30, 1, 1000, '2022-06-21 08:44:04', NULL),
(138, 'UNIK220621006', 'Merica /gram', 2, 10, 100, 1, 5800, '2022-06-21 08:44:25', NULL),
(139, 'UNIK220621007', 'Pala', 2, 11, 1500, 1, 37, '2022-06-21 08:45:39', NULL),
(140, 'UNIK220621008', 'Beras wangi /kg', 3, 2, 9500, 1, 48, '2022-06-21 09:14:28', '2022-06-21 09:46:39'),
(141, 'UNIK220621009', 'Beras /kg', 3, 2, 8500, 1, 70, '2022-06-21 09:15:20', '2022-06-21 09:47:22'),
(142, '2055152832002', 'Grenjeng Besco', 5, 11, 2000, 1, 38, '2022-06-21 09:22:51', '2022-06-21 06:38:50'),
(143, '8992742360844', 'Grenjeng Polytex', 5, 11, 2500, 1, 80, '2022-06-21 09:23:36', '2022-06-21 04:28:40'),
(144, '8994297101446', 'Sirup Nikki Sari ', 4, 9, 21000, 1, 11, '2022-06-21 12:10:55', '2022-06-21 07:11:13'),
(145, '18994357010012', 'Mie Telor Atoom 1 dus', 1, 3, 110000, 1, 3, '2022-06-21 12:12:05', '2022-06-25 03:59:39'),
(146, '1089686017076', 'Sarimi Ayam Bawang 1 dus', 1, 3, 102000, 1, 1, '2022-06-21 13:33:37', NULL),
(147, 'UNIK220621010', 'Minyak 1,5 L', 3, 6, 21000, 1, 7, '2022-06-21 13:35:29', '2022-06-21 08:42:32'),
(148, '1089686017070', 'Sarimi Kaldu Ayam 1 dus', 1, 3, 62000, 1, 13, '2022-06-21 13:58:45', NULL),
(149, 'UNIK220621011', 'Kerupuk Unyil 5kg', 1, 2, 97000, 1, 3, '2022-06-21 14:01:16', '2022-06-24 11:24:07'),
(150, 'UNIK220621012', 'kanji 1kg', 3, 2, 12000, 1, 17, '2022-06-21 16:03:40', NULL),
(151, 'UNIK220622001', 'Gula Jawa Dakon 1/2 kg', 2, 2, 7500, 1, 37, '2022-06-22 10:21:47', NULL),
(152, '8992806163411', 'Grenjeng ScothBrite', 5, 8, 3500, 1, 24, '2022-06-22 10:45:59', '2022-06-22 05:46:54'),
(153, '8998666001306', 'Tora Bika Creamy Latte', 4, 7, 12000, 1, 5, '2022-06-22 15:26:39', NULL),
(154, 'UNIK220622002', 'Tp Gandum 1/2 kg', 3, 2, 5000, 1, 59, '2022-06-22 16:15:21', NULL),
(155, 'UNIK220623001', 'Minyak Kemasan 1L ', 3, 9, 14500, 1, 133, '2022-06-23 08:51:21', '2022-06-23 05:22:02'),
(156, 'UNIK220623002', 'Rose Brand Tapioka 250g', 3, 8, 3000, 1, 36, '2022-06-23 09:11:35', '2022-06-23 04:12:42'),
(157, 'UNIK220623003', 'Minyak Sawit', 3, 12, 230000, 1, 3, '2022-06-23 10:05:12', '2022-06-24 08:46:20'),
(158, 'UNIK220623004', 'Mie Burung Dara Pipih 1dus', 1, 3, 60000, 1, 1, '2022-06-23 10:38:54', NULL),
(159, 'UNIK220623005', 'Mata Roda 10pcs', 2, 7, 5000, 1, 4, '2022-06-23 10:46:07', NULL),
(160, 'UNIK220623006', 'Beras 10rb /kg', 3, 2, 10000, 1, 4, '2022-06-23 10:46:52', '2022-06-27 10:04:12'),
(161, 'UNIK220624001', 'Mie Letek /gram', 1, 10, 21, 1, 22500, '2022-06-24 08:56:29', NULL),
(162, '18992780010039', 'Teh Tang Hijau Ecer', 4, 8, 3000, 1, 12, '2022-06-24 10:21:52', NULL),
(163, '18992780010268 ', 'Teh Tang Biru Ecer', 4, 8, 3000, 1, 10, '2022-06-24 10:22:36', NULL),
(164, '18999999502393', 'Royco Ayam ecer', 2, 1, 500, 1, 7, '2022-06-24 10:27:40', NULL),
(165, '18999999502409', 'Royco Sapi ecer', 2, 1, 500, 1, 12, '2022-06-24 10:28:22', NULL),
(166, '18992770033130', 'Masako ayam ecer', 2, 1, 500, 1, 13, '2022-06-24 10:29:07', NULL),
(167, 'UNIK220624002', 'Kerupuk Unyil /gram', 1, 10, 21, 1, 3523, '2022-06-24 10:35:58', '2022-06-25 06:30:42'),
(168, 'UNIK220625001', 'kanji 1/2kg', 3, 2, 3500, 1, 20, '2022-06-25 09:28:21', NULL),
(169, '8992770061010', 'Sajiku Tepung Serba Guna', 2, 1, 2500, 1, 90, '2022-06-25 09:39:03', '2022-06-25 05:12:35'),
(170, 'UNIK220625003', 'Tp Gandum 1/4 kg', 3, 2, 2500, 1, 29, '2022-06-25 10:08:17', NULL),
(171, 'UNIK220625004', 'Rambak /gram', 2, 10, 150, 1, 9000, '2022-06-25 10:30:14', NULL),
(172, 'UNIK220625005', 'Kertas Minyak 1pak', 5, 8, 35000, 1, 24, '2022-06-25 12:07:19', NULL),
(173, 'UNIK220625006', 'Kertas Minyak Ecer /6 Lembar', 5, 13, 1000, 1, 40, '2022-06-25 12:08:39', NULL),
(174, '899271781025', 'KaraSun Santan ', 2, 8, 3000, 1, 45, '2022-06-25 13:32:41', NULL),
(175, '8997011700239', 'Mie Kaca ', 1, 8, 1500, 1, 215, '2022-06-25 13:33:01', NULL),
(176, 'UNIK220626001', 'Teh Angon ', 4, 8, 23000, 1, 9, '2022-06-26 09:02:33', NULL),
(177, 'UNIK220626002', 'Minyak 1/2 L', 3, 6, 7000, 1, 30, '2022-06-26 09:34:55', NULL),
(178, 'UNIK220626003', 'Kotak Kayu', 5, 11, 6000, 1, 5, '2022-06-26 10:13:40', '2022-06-27 06:29:37'),
(179, 'UNIK220626004', 'Gula Jawa Kokap 1/2 kg', 2, 2, 12000, 1, 18, '2022-06-26 11:28:44', NULL),
(180, 'UNIK220627001', 'Bihun Cap Tanam Jagung', 1, 8, 7500, 1, 40, '2022-06-27 08:42:44', NULL),
(184, 'UNIK221019001', 'wafer A', 1, 8, 5000, 1, 0, '2022-10-19 19:17:12', NULL),
(185, 'UNIK221019002', 'wafer B', 1, 8, 6000, 1, 0, '2022-10-19 19:17:30', '2022-10-19 14:19:26'),
(186, 'UNIK221019003', 'roti A', 1, 8, 5000, 1, 49, '2022-10-19 19:38:53', NULL),
(187, 'UNIK221019004', 'roti B', 1, 8, 6000, 1, 50, '2022-10-19 19:39:15', '2022-10-19 14:40:28');

-- --------------------------------------------------------

--
-- Table structure for table `p_kategori`
--

CREATE TABLE `p_kategori` (
  `id_kategori` int(11) NOT NULL,
  `nama` varchar(50) NOT NULL,
  `dibuat` datetime NOT NULL DEFAULT CURRENT_TIMESTAMP,
  `diubah` datetime DEFAULT NULL
) ENGINE=InnoDB DEFAULT CHARSET=latin1;

--
-- Dumping data for table `p_kategori`
--

INSERT INTO `p_kategori` (`id_kategori`, `nama`, `dibuat`, `diubah`) VALUES
(1, 'Makanan', '2022-02-23 19:20:13', '2022-06-18 02:46:24'),
(2, 'Bumbu', '2022-06-18 07:45:59', NULL),
(3, 'Sembako', '2022-06-18 07:46:09', NULL),
(4, 'Minuman', '2022-06-20 09:21:15', NULL),
(5, 'Perlengkapan', '2022-06-20 09:50:15', NULL),
(6, 'Sabun', '2022-06-20 10:26:58', NULL);

-- --------------------------------------------------------

--
-- Table structure for table `p_satuan`
--

CREATE TABLE `p_satuan` (
  `id_satuan` int(11) NOT NULL,
  `nama` varchar(50) NOT NULL,
  `dibuat` datetime NOT NULL DEFAULT CURRENT_TIMESTAMP,
  `diubah` datetime DEFAULT NULL
) ENGINE=InnoDB DEFAULT CHARSET=latin1;

--
-- Dumping data for table `p_satuan`
--

INSERT INTO `p_satuan` (`id_satuan`, `nama`, `dibuat`, `diubah`) VALUES
(1, 'Saset', '2022-02-23 19:20:27', '2022-06-18 02:56:35'),
(2, 'Kg', '2022-06-18 07:54:59', NULL),
(3, 'Karton', '2022-06-18 07:55:08', NULL),
(4, 'Kantong', '2022-06-18 07:55:52', '2022-06-18 02:56:19'),
(6, 'Liter', '2022-06-18 07:56:56', NULL),
(7, 'Renceng', '2022-06-18 07:57:14', NULL),
(8, 'Bungkus', '2022-06-19 11:35:10', NULL),
(9, 'Botol', '2022-06-19 12:04:31', NULL),
(10, 'Gram', '2022-06-20 15:06:23', '2022-06-20 18:41:39'),
(11, 'Biji', '2022-06-21 08:45:17', NULL),
(12, 'Derigen', '2022-06-23 10:04:28', NULL),
(13, 'Lembar', '2022-06-25 12:08:19', NULL);

-- --------------------------------------------------------

--
-- Table structure for table `t_keranjang`
--

CREATE TABLE `t_keranjang` (
  `id_keranjang` int(11) NOT NULL,
  `id_barang` int(11) NOT NULL,
  `harga` int(11) NOT NULL,
  `qty` int(11) NOT NULL,
  `diskon` int(11) NOT NULL DEFAULT '0',
  `total` int(11) NOT NULL,
  `id_pengguna` int(11) NOT NULL
) ENGINE=InnoDB DEFAULT CHARSET=latin1;

-- --------------------------------------------------------

--
-- Table structure for table `t_penjualan`
--

CREATE TABLE `t_penjualan` (
  `id_penjualan` int(11) NOT NULL,
  `invoice` varchar(12) NOT NULL,
  `id_pelanggan` int(11) DEFAULT NULL,
  `total_harga` int(11) NOT NULL,
  `diskon` int(11) NOT NULL,
  `total_akhir` int(11) NOT NULL,
  `bayar` int(11) NOT NULL,
  `kembali` int(11) NOT NULL,
  `catatan` text NOT NULL,
  `tanggal` date NOT NULL,
  `id_pengguna` int(11) NOT NULL,
  `dibuat` datetime NOT NULL DEFAULT CURRENT_TIMESTAMP
) ENGINE=InnoDB DEFAULT CHARSET=latin1;

--
-- Dumping data for table `t_penjualan`
--

INSERT INTO `t_penjualan` (`id_penjualan`, `invoice`, `id_pelanggan`, `total_harga`, `diskon`, `total_akhir`, `bayar`, `kembali`, `catatan`, `tanggal`, `id_pengguna`, `dibuat`) VALUES
(1, '2206200001', NULL, 85000, 0, 85000, 100000, 15000, '', '2022-06-20', 9, '2022-06-20 14:41:48'),
(2, '2206200002', NULL, 104000, 0, 104000, 104000, 0, '', '2022-06-20', 9, '2022-06-20 14:44:56'),
(3, '2206200003', NULL, 216000, 0, 216000, 220000, 4000, '', '2022-06-20', 9, '2022-06-20 14:45:27'),
(4, '2206200004', NULL, 39000, 0, 39000, 40000, 1000, '', '2022-06-20', 9, '2022-06-20 14:48:26'),
(5, '2206200005', NULL, 1500, 0, 1500, 20000, 18500, '', '2022-06-20', 9, '2022-06-20 15:00:46'),
(6, '2206200006', NULL, 26500, 0, 26500, 50000, 23500, '', '2022-06-20', 9, '2022-06-20 15:53:13'),
(7, '2206200007', NULL, 81000, 0, 81000, 81000, 0, '', '2022-06-20', 9, '2022-06-20 16:16:52'),
(9, '2206200008', NULL, 3000, 0, 3000, 3000, 0, '', '2022-06-20', 9, '2022-06-20 16:50:37'),
(10, '2206210001', NULL, 1592000, 0, 1592000, 1600000, 8000, '', '2022-06-21', 9, '2022-06-21 10:05:20'),
(11, '2206210002', NULL, 119000, 0, 119000, 120000, 1000, '', '2022-06-21', 9, '2022-06-21 10:55:05'),
(12, '2206210003', NULL, 465000, 0, 465000, 465000, 0, '', '2022-06-21', 9, '2022-06-21 12:08:14'),
(13, '2206210004', NULL, 24000, 0, 24000, 54000, 30000, '', '2022-06-21', 9, '2022-06-21 12:23:49'),
(14, '2206210005', NULL, 41000, 0, 41000, 50000, 9000, '', '2022-06-21', 9, '2022-06-21 13:01:29'),
(15, '2206210006', NULL, 14000, 0, 14000, 20000, 6000, '', '2022-06-21', 9, '2022-06-21 13:02:26'),
(16, '2206210007', NULL, 20500, 0, 20500, 50000, 29500, '', '2022-06-21', 9, '2022-06-21 13:06:23'),
(17, '2206210008', NULL, 43000, 0, 43000, 100000, 57000, '', '2022-06-21', 9, '2022-06-21 13:17:28'),
(18, '2206210009', NULL, 135000, 0, 135000, 135000, 0, '', '2022-06-21', 9, '2022-06-21 13:22:57'),
(19, '2206210010', NULL, 112500, 0, 112500, 112500, 0, '', '2022-06-21', 9, '2022-06-21 13:31:52'),
(20, '2206210011', NULL, 44000, 0, 44000, 50000, 6000, '', '2022-06-21', 9, '2022-06-21 13:39:23'),
(21, '2206210012', NULL, 159000, 0, 159000, 200000, 41000, '', '2022-06-21', 9, '2022-06-21 13:44:32'),
(22, '2206210013', NULL, 26000, 0, 26000, 30000, 4000, '', '2022-06-21', 9, '2022-06-21 14:36:06'),
(23, '2206210014', NULL, 272000, 0, 272000, 272000, 0, '', '2022-06-21', 9, '2022-06-21 15:09:41'),
(24, '2206210015', NULL, 47500, 0, 47500, 50000, 2500, '', '2022-06-21', 9, '2022-06-21 15:11:40'),
(25, '2206210016', NULL, 13500, 0, 13500, 15000, 1500, '', '2022-06-21', 9, '2022-06-21 15:34:03'),
(26, '2206210017', NULL, 55000, 0, 55000, 100000, 45000, '', '2022-06-21', 9, '2022-06-21 15:58:01'),
(27, '2206210018', NULL, 18000, 0, 18000, 18000, 0, '', '2022-06-21', 9, '2022-06-21 15:59:52'),
(28, '2206210019', NULL, 98000, 0, 98000, 98000, 0, '', '2022-06-21', 9, '2022-06-21 16:10:14'),
(29, '2206210020', NULL, 12000, 0, 12000, 12000, 0, '', '2022-06-21', 9, '2022-06-21 16:18:00'),
(30, '2206210021', NULL, 26000, 0, 26000, 50000, 24000, '', '2022-06-21', 9, '2022-06-21 16:38:57'),
(31, '2206220001', NULL, 40500, 0, 40500, 40500, 0, '', '2022-06-22', 9, '2022-06-22 09:17:04'),
(32, '2206220002', NULL, 26560, 60, 26500, 50000, 23500, '', '2022-06-22', 9, '2022-06-22 09:20:25'),
(33, '2206220003', NULL, 5000, 0, 5000, 5000, 0, '', '2022-06-22', 9, '2022-06-22 09:34:08'),
(34, '2206220004', NULL, 52000, 0, 52000, 100000, 48000, '', '2022-06-22', 9, '2022-06-22 09:52:02'),
(35, '2206220005', NULL, 5000, 0, 5000, 5000, 0, '', '2022-06-22', 9, '2022-06-22 10:04:51'),
(36, '2206220006', NULL, 74564, 64, 74500, 100000, 25500, '', '2022-06-22', 9, '2022-06-22 10:12:58'),
(37, '2206220007', NULL, 1109500, 0, 1121500, 1130000, 8500, '', '2022-06-22', 9, '2022-06-22 10:18:55'),
(38, '2206220008', NULL, 33000, 0, 33000, 50000, 17000, '', '2022-06-22', 9, '2022-06-22 10:23:08'),
(39, '2206220009', NULL, 27000, 0, 27000, 27000, 0, '', '2022-06-22', 9, '2022-06-22 10:30:40'),
(40, '2206220010', NULL, 13500, 0, 13500, 15000, 1500, '', '2022-06-22', 9, '2022-06-22 10:38:52'),
(41, '2206220011', NULL, 21000, 0, 21000, 50000, 29000, '', '2022-06-22', 9, '2022-06-22 10:49:58'),
(42, '2206220012', NULL, 396000, 0, 396000, 400000, 4000, '', '2022-06-22', 9, '2022-06-22 11:06:31'),
(43, '2206220013', NULL, 62000, 0, 62000, 62000, 0, '', '2022-06-22', 9, '2022-06-22 11:32:58'),
(44, '2206220014', NULL, 70000, 0, 70000, 70000, 0, '', '2022-06-22', 9, '2022-06-22 11:57:34'),
(45, '2206220015', NULL, 35000, 0, 35000, 35000, 0, '', '2022-06-22', 9, '2022-06-22 11:58:08'),
(46, '2206220016', NULL, 135000, 0, 135000, 135000, 0, '', '2022-06-22', 9, '2022-06-22 13:09:52'),
(47, '2206220017', NULL, 27000, 0, 27000, 50000, 23000, '', '2022-06-22', 9, '2022-06-22 13:10:38'),
(48, '2206220018', NULL, 28000, 0, 28000, 50000, 22000, '', '2022-06-22', 9, '2022-06-22 13:38:06'),
(49, '2206220019', NULL, 44000, 0, 44000, 50000, 6000, '', '2022-06-22', 9, '2022-06-22 13:56:23'),
(50, '2206220020', NULL, 27000, 0, 27000, 27000, 0, '', '2022-06-22', 9, '2022-06-22 14:22:36'),
(51, '2206220021', NULL, 11000, 0, 11000, 50000, 39000, '', '2022-06-22', 9, '2022-06-22 14:27:59'),
(52, '2206220022', NULL, 54000, 0, 54000, 54000, 0, '', '2022-06-22', 9, '2022-06-22 14:32:46'),
(53, '2206220023', NULL, 187000, 0, 187000, 200000, 13000, '', '2022-06-22', 9, '2022-06-22 15:09:19'),
(54, '2206220024', NULL, 77000, 0, 77000, 100000, 23000, '', '2022-06-22', 9, '2022-06-22 15:31:08'),
(55, '2206220025', NULL, 23500, 0, 23500, 23500, 0, '', '2022-06-22', 9, '2022-06-22 16:17:10'),
(56, '2206220026', NULL, 5000, 0, 5000, 5000, 0, '', '2022-06-22', 9, '2022-06-22 16:17:56'),
(57, '2206220027', NULL, 15000, 0, 15000, 15000, 0, '', '2022-06-22', 9, '2022-06-22 16:49:46'),
(58, '2206230001', NULL, 84000, 0, 84000, 100000, 16000, '', '2022-06-23', 9, '2022-06-23 09:16:25'),
(59, '2206230002', NULL, 114000, 0, 114000, 114000, 0, '', '2022-06-23', 9, '2022-06-23 09:18:19'),
(60, '2206230003', NULL, 358021, 21, 358000, 358000, 0, '', '2022-06-23', 9, '2022-06-23 09:22:47'),
(61, '2206230004', NULL, 191000, 0, 191000, 200000, 9000, '', '2022-06-23', 9, '2022-06-23 09:33:13'),
(62, '2206230005', NULL, 10000, 0, 10000, 10000, 0, '', '2022-06-23', 9, '2022-06-23 09:34:17'),
(63, '2206230006', NULL, 185000, 0, 185000, 200000, 15000, '', '2022-06-23', 9, '2022-06-23 09:44:12'),
(64, '2206230007', NULL, 29000, 0, 29000, 50000, 21000, '', '2022-06-23', 9, '2022-06-23 09:49:54'),
(65, '2206230008', NULL, 49000, 0, 49000, 50000, 1000, '', '2022-06-23', 9, '2022-06-23 10:08:11'),
(66, '2206230009', NULL, 8400, 0, 8400, 10000, 1600, '', '2022-06-23', 9, '2022-06-23 10:09:44'),
(67, '2206230010', NULL, 4000, 0, 4000, 5000, 1000, '', '2022-06-23', 9, '2022-06-23 10:14:53'),
(68, '2206230011', NULL, 42000, 0, 42000, 42000, 0, '', '2022-06-23', 9, '2022-06-23 10:27:57'),
(69, '2206230012', NULL, 49540, 40, 49500, 50000, 500, '', '2022-06-23', 9, '2022-06-23 10:30:01'),
(70, '2206230013', NULL, 44500, 0, 44500, 100000, 55500, '', '2022-06-23', 9, '2022-06-23 10:31:50'),
(71, '2206230014', NULL, 55500, 0, 55500, 60000, 4500, '', '2022-06-23', 9, '2022-06-23 10:33:06'),
(72, '2206230015', NULL, 142500, 0, 142500, 200000, 57500, '', '2022-06-23', 9, '2022-06-23 10:51:10'),
(73, '2206230016', NULL, 287000, 0, 287000, 300000, 13000, '', '2022-06-23', 9, '2022-06-23 10:55:23'),
(74, '2206230017', NULL, 8000, 0, 8000, 10000, 2000, '', '2022-06-23', 9, '2022-06-23 10:56:41'),
(75, '2206230018', NULL, 94500, 0, 94500, 100000, 5500, '', '2022-06-23', 9, '2022-06-23 11:01:47'),
(76, '2206230019', NULL, 45500, 0, 45500, 50000, 4500, '', '2022-06-23', 9, '2022-06-23 11:04:35'),
(77, '2206230020', NULL, 7000, 0, 7000, 10000, 3000, '', '2022-06-23', 9, '2022-06-23 11:13:51'),
(78, '2206230021', NULL, 61000, 0, 61000, 100000, 39000, '', '2022-06-23', 9, '2022-06-23 11:17:49'),
(79, '2206230022', NULL, 2000, 0, 2000, 2000, 0, '', '2022-06-23', 9, '2022-06-23 11:30:03'),
(80, '2206230023', NULL, 68500, 0, 68500, 100000, 31500, '', '2022-06-23', 9, '2022-06-23 11:42:26'),
(81, '2206230024', NULL, 22521, 21, 22500, 22500, 0, '', '2022-06-23', 9, '2022-06-23 12:09:51'),
(82, '2206230025', NULL, 1148000, 0, 1148000, 1200000, 52000, '', '2022-06-23', 9, '2022-06-23 12:24:16'),
(83, '2206230026', NULL, 60000, 0, 60000, 60000, 0, '', '2022-06-23', 9, '2022-06-23 13:30:12'),
(84, '2206230027', NULL, 81000, 0, 81000, 101000, 20000, '', '2022-06-23', 9, '2022-06-23 13:34:24'),
(85, '2206230028', NULL, 48000, 0, 48000, 50000, 2000, '', '2022-06-23', 9, '2022-06-23 13:37:16'),
(86, '2206230029', NULL, 158500, 0, 158500, 160000, 1500, '', '2022-06-23', 9, '2022-06-23 14:06:25'),
(87, '2206230030', NULL, 13500, 0, 13500, 20000, 6500, '', '2022-06-23', 9, '2022-06-23 14:59:21'),
(88, '2206230031', NULL, 92000, 0, 92000, 100000, 8000, '', '2022-06-23', 9, '2022-06-23 15:02:35'),
(89, '2206230032', NULL, 174000, 0, 174000, 200000, 26000, '', '2022-06-23', 9, '2022-06-23 15:23:48'),
(90, '2206230033', NULL, 32600, 0, 32600, 50000, 17400, '', '2022-06-23', 9, '2022-06-23 15:47:11'),
(91, '2206230034', NULL, 46000, 0, 46000, 50000, 4000, '', '2022-06-23', 9, '2022-06-23 15:56:13'),
(92, '2206230035', NULL, 42000, 0, 42000, 50000, 8000, '', '2022-06-23', 9, '2022-06-23 16:08:03'),
(93, '2206240001', NULL, 29000, 0, 29000, 50000, 21000, '', '2022-06-24', 9, '2022-06-24 08:43:32'),
(94, '2206240002', NULL, 60000, 0, 60000, 60000, 0, '', '2022-06-24', 9, '2022-06-24 08:48:00'),
(95, '2206240003', NULL, 92000, 0, 92000, 100000, 8000, '', '2022-06-24', 9, '2022-06-24 08:50:37'),
(96, '2206240004', NULL, 85000, 0, 85000, 100000, 15000, '', '2022-06-24', 9, '2022-06-24 09:27:49'),
(97, '2206240005', NULL, 180000, 0, 180000, 200000, 20000, '', '2022-06-24', 9, '2022-06-24 09:42:20'),
(98, '2206240006', NULL, 354500, 0, 354500, 360000, 5500, '', '2022-06-24', 9, '2022-06-24 09:58:14'),
(99, '2206240007', NULL, 93008, 8, 93000, 100000, 7000, '', '2022-06-24', 9, '2022-06-24 10:16:12'),
(100, '2206240008', NULL, 656000, 0, 656000, 700000, 44000, '', '2022-06-24', 9, '2022-06-24 10:40:26'),
(101, '2206240009', NULL, 92000, 0, 92000, 100000, 8000, '', '2022-06-24', 9, '2022-06-24 10:43:01'),
(102, '2206240010', NULL, 141000, 0, 141000, 150000, 9000, '', '2022-06-24', 9, '2022-06-24 11:08:04'),
(103, '2206240011', NULL, 592500, 0, 592500, 600000, 7500, '', '2022-06-24', 9, '2022-06-24 11:11:27'),
(104, '2206240012', NULL, 48000, 0, 48000, 50000, 2000, '', '2022-06-24', 9, '2022-06-24 11:15:48'),
(105, '2206240013', NULL, 230000, 0, 230000, 230000, 0, '', '2022-06-24', 9, '2022-06-24 13:46:59'),
(106, '2206240014', NULL, 13000, 0, 13000, 20000, 7000, '', '2022-06-24', 9, '2022-06-24 14:54:04'),
(107, '2206240015', NULL, 47600, 0, 47600, 50000, 2400, '', '2022-06-24', 9, '2022-06-24 14:56:31'),
(108, '2206240016', NULL, 90000, 0, 90000, 100000, 10000, '', '2022-06-24', 9, '2022-06-24 15:39:00'),
(109, '2206240017', NULL, 145000, 0, 145000, 150000, 5000, '', '2022-06-24', 9, '2022-06-24 15:54:40'),
(110, '2206240018', NULL, 21000, 0, 21000, 21000, 0, '', '2022-06-24', 9, '2022-06-24 15:58:40'),
(111, '2206240019', NULL, 22000, 0, 22000, 22000, 0, '', '2022-06-24', 9, '2022-06-24 16:01:03'),
(112, '2206240020', NULL, 24000, 0, 24000, 50000, 26000, '', '2022-06-24', 9, '2022-06-24 16:14:27'),
(113, '2206240021', NULL, 135500, 0, 135500, 150000, 14500, '', '2022-06-24', 9, '2022-06-24 16:19:47'),
(114, '2206240022', NULL, 10000, 0, 10000, 10000, 0, '', '2022-06-24', 9, '2022-06-24 16:22:23'),
(115, '2206250001', NULL, 99000, 0, 99000, 100000, 1000, '', '2022-06-25', 9, '2022-06-25 09:04:36'),
(116, '2206250002', NULL, 12000, 0, 12000, 12000, 0, '', '2022-06-25', 9, '2022-06-25 09:13:25'),
(117, '2206250003', NULL, 48502, 2, 48500, 50000, 1500, '', '2022-06-25', 9, '2022-06-25 09:30:02'),
(118, '2206250004', NULL, 93000, 0, 93000, 100000, 7000, '', '2022-06-25', 9, '2022-06-25 09:45:38'),
(119, '2206250005', NULL, 17000, 0, 17000, 50000, 33000, '', '2022-06-25', 9, '2022-06-25 10:09:43'),
(120, '2206250006', NULL, 23000, 0, 23000, 23000, 0, '', '2022-06-25', 9, '2022-06-25 10:24:33'),
(121, '2206250007', NULL, 70500, 0, 70500, 100500, 30000, '', '2022-06-25', 9, '2022-06-25 10:54:49'),
(122, '2206250008', NULL, 13500, 0, 13500, 50000, 36500, '', '2022-06-25', 9, '2022-06-25 11:23:38'),
(123, '2206250009', NULL, 79085, 85, 79000, 100000, 21000, '', '2022-06-25', 9, '2022-06-25 11:38:17'),
(124, '2206250010', NULL, 20017, 17, 20000, 100000, 80000, '', '2022-06-25', 9, '2022-06-25 11:40:49'),
(125, '2206250011', NULL, 34000, 0, 34000, 34000, 0, '', '2022-06-25', 9, '2022-06-25 11:47:09'),
(126, '2206250012', NULL, 132000, 0, 132000, 150000, 18000, '', '2022-06-25', 9, '2022-06-25 11:54:55'),
(127, '2206250013', NULL, 117740, 240, 117500, 120000, 2500, '', '2022-06-25', 9, '2022-06-25 12:01:15'),
(128, '2206250014', NULL, 174000, 0, 174000, 174000, 0, '', '2022-06-25', 9, '2022-06-25 12:06:16'),
(129, '2206250015', NULL, 44000, 0, 44000, 50000, 6000, '', '2022-06-25', 9, '2022-06-25 13:03:50'),
(130, '2206250016', NULL, 13515, 15, 13500, 20000, 6500, '', '2022-06-25', 9, '2022-06-25 13:15:26'),
(131, '2206250017', NULL, 62015, 15, 62000, 62000, 0, '', '2022-06-25', 9, '2022-06-25 13:32:22'),
(132, '2206250018', NULL, 101504, 4, 101500, 105000, 3500, '', '2022-06-25', 9, '2022-06-25 13:40:21'),
(133, '2206250019', NULL, 111540, 40, 111500, 120000, 8500, '', '2022-06-25', 9, '2022-06-25 13:42:30'),
(134, '2206250020', NULL, 177500, 0, 177500, 180000, 2500, '', '2022-06-25', 9, '2022-06-25 13:49:38'),
(135, '2206250021', NULL, 40000, 0, 40000, 40000, 0, '', '2022-06-25', 9, '2022-06-25 14:20:47'),
(136, '2206250022', NULL, 30000, 0, 30000, 30000, 0, '', '2022-06-25', 9, '2022-06-25 14:27:12'),
(137, '2206250023', NULL, 53000, 0, 53000, 53000, 0, '', '2022-06-25', 9, '2022-06-25 14:49:25'),
(138, '2206250024', NULL, 31500, 0, 31500, 40000, 8500, '', '2022-06-25', 9, '2022-06-25 14:51:02'),
(139, '2206250025', NULL, 10000, 0, 10000, 10000, 0, '', '2022-06-25', 9, '2022-06-25 15:22:06'),
(140, '2206250026', NULL, 53000, 0, 53000, 53000, 0, '', '2022-06-25', 9, '2022-06-25 15:30:04'),
(141, '2206250027', NULL, 40500, 0, 40500, 40500, 0, '', '2022-06-25', 9, '2022-06-25 15:38:08'),
(142, '2206250028', NULL, 6000, 0, 6000, 50000, 44000, '', '2022-06-25', 9, '2022-06-25 15:46:09'),
(144, '2206250030', NULL, 15000, 0, 15000, 20000, 5000, '', '2022-06-25', 9, '2022-06-25 15:58:42'),
(145, '2206250031', NULL, 550000, 0, 550000, 550000, 0, '', '2022-06-25', 9, '2022-06-25 16:02:39'),
(146, '2206250032', NULL, 30465, 165, 30300, 30300, 0, '', '2022-06-25', 9, '2022-06-25 16:07:48'),
(147, '2206250033', NULL, 86015, 15, 86000, 100000, 14000, '', '2022-06-25', 9, '2022-06-25 16:24:07'),
(148, '2206250034', NULL, 17000, 0, 17000, 17000, 0, '', '2022-06-25', 9, '2022-06-25 16:28:41'),
(149, '2206260001', NULL, 60000, 0, 60000, 60000, 0, '', '2022-06-26', 9, '2022-06-26 08:53:14'),
(150, '2206260002', NULL, 62000, 0, 62000, 100000, 38000, '', '2022-06-26', 9, '2022-06-26 09:04:08'),
(151, '2206260003', NULL, 26500, 0, 26500, 50000, 23500, '', '2022-06-26', 9, '2022-06-26 09:08:35'),
(152, '2206260004', NULL, 26020, 20, 26000, 26000, 0, '', '2022-06-26', 9, '2022-06-26 09:15:06'),
(153, '2206260005', NULL, 6500, 0, 6500, 6500, 0, '', '2022-06-26', 9, '2022-06-26 09:16:57'),
(154, '2206260006', NULL, 40500, 0, 40500, 40500, 0, '', '2022-06-26', 9, '2022-06-26 09:17:38'),
(155, '2206260007', NULL, 26500, 0, 26500, 26500, 0, '', '2022-06-26', 9, '2022-06-26 09:27:40'),
(156, '2206260008', NULL, 14500, 0, 14500, 14500, 0, '', '2022-06-26', 9, '2022-06-26 09:28:21'),
(157, '2206260009', NULL, 14000, 0, 14000, 14000, 0, '', '2022-06-26', 9, '2022-06-26 09:29:25'),
(158, '2206260010', NULL, 110000, 0, 110000, 110000, 0, '', '2022-06-26', 9, '2022-06-26 09:33:31'),
(159, '2206260011', NULL, 19500, 0, 19500, 50000, 30500, '', '2022-06-26', 9, '2022-06-26 10:06:42'),
(160, '2206260012', NULL, 2210500, 0, 2210500, 2210500, 0, 'DiAntar ', '2022-06-26', 9, '2022-06-26 10:14:59'),
(161, '2206260013', NULL, 12720, 220, 12500, 20000, 7500, '', '2022-06-26', 9, '2022-06-26 10:24:59'),
(163, '2206260014', NULL, 255000, 0, 255000, 255000, 0, '', '2022-06-26', 9, '2022-06-26 10:38:02'),
(164, '2206260015', NULL, 19000, 0, 19000, 20000, 1000, '', '2022-06-26', 9, '2022-06-26 10:56:05'),
(165, '2206260016', NULL, 30500, 0, 30500, 30500, 0, '', '2022-06-26', 9, '2022-06-26 11:26:50'),
(166, '2206260017', NULL, 30000, 0, 30000, 30000, 0, '', '2022-06-26', 9, '2022-06-26 11:27:12'),
(167, '2206270001', NULL, 85750, 0, 85750, 90000, 4250, '', '2022-06-27', 9, '2022-06-27 08:46:40'),
(168, '2206270002', NULL, 82500, 0, 82500, 100000, 17500, '', '2022-06-27', 9, '2022-06-27 08:49:42'),
(169, '2206270003', NULL, 68000, 0, 68000, 70000, 2000, '', '2022-06-27', 9, '2022-06-27 08:51:10'),
(170, '2206270004', NULL, 39000, 0, 39000, 50000, 11000, '', '2022-06-27', 9, '2022-06-27 08:59:47'),
(171, '2206270005', NULL, 5000, 0, 5000, 5000, 0, '', '2022-06-27', 9, '2022-06-27 09:08:03'),
(172, '2206270006', NULL, 43815, 15, 43800, 50000, 6200, '', '2022-06-27', 9, '2022-06-27 09:10:57'),
(173, '2206270007', NULL, 11000, 0, 11000, 11000, 0, '', '2022-06-27', 9, '2022-06-27 09:12:14'),
(174, '2206270008', NULL, 26500, 0, 26500, 30500, 4000, '', '2022-06-27', 9, '2022-06-27 09:13:59'),
(175, '2206270009', NULL, 35000, 0, 35000, 35000, 0, '', '2022-06-27', 9, '2022-06-27 09:33:40'),
(176, '2206270010', NULL, 21000, 0, 21000, 21000, 0, '', '2022-06-27', 9, '2022-06-27 09:35:17'),
(177, '2206270011', NULL, 39000, 0, 39000, 50000, 11000, '', '2022-06-27', 9, '2022-06-27 09:47:16'),
(178, '2206270012', NULL, 13500, 0, 13500, 20000, 6500, '', '2022-06-27', 9, '2022-06-27 09:51:06'),
(179, '2206270013', 1, 353000, 0, 353000, 353000, 0, '', '2022-06-27', 9, '2022-06-27 09:54:58'),
(180, '2206270014', NULL, 46000, 0, 46000, 46000, 0, '', '2022-06-27', 9, '2022-06-27 10:02:16'),
(181, '2206270015', NULL, 33500, 0, 33500, 35000, 1500, '', '2022-06-27', 9, '2022-06-27 10:30:55'),
(182, '2206270016', NULL, 31500, 0, 31500, 32000, 500, '', '2022-06-27', 9, '2022-06-27 10:42:42'),
(183, '2206270017', NULL, 292000, 0, 292000, 300000, 8000, '', '2022-06-27', 9, '2022-06-27 10:45:11'),
(184, '2206270018', NULL, 49000, 0, 49000, 50000, 1000, '', '2022-06-27', 9, '2022-06-27 11:02:37'),
(185, '2206270019', NULL, 26500, 0, 26500, 30000, 3500, '', '2022-06-27', 9, '2022-06-27 11:08:43'),
(186, '2206270020', NULL, 29000, 0, 29000, 29000, 0, '', '2022-06-27', 9, '2022-06-27 11:11:00'),
(187, '2206270021', NULL, 42000, 0, 42000, 42000, 0, '', '2022-06-27', 9, '2022-06-27 11:24:48'),
(188, '2206270022', NULL, 68000, 0, 68000, 68000, 0, '', '2022-06-27', 9, '2022-06-27 11:25:58'),
(189, '2206270023', NULL, 13500, 0, 13500, 14000, 500, '', '2022-06-27', 9, '2022-06-27 11:27:06'),
(190, '2206270024', NULL, 266000, 0, 266000, 266000, 0, '', '2022-06-27', 9, '2022-06-27 11:33:26'),
(191, '2206270025', NULL, 97000, 0, 97000, 97000, 0, '', '2022-06-27', 9, '2022-06-27 13:05:02'),
(192, '2206270026', NULL, 62000, 0, 62000, 100000, 38000, '', '2022-06-27', 9, '2022-06-27 13:10:07'),
(193, '2206270027', NULL, 27000, 0, 27000, 50000, 23000, '', '2022-06-27', 9, '2022-06-27 13:12:26'),
(194, '2206270028', NULL, 146000, 0, 146000, 146000, 0, '', '2022-06-27', 9, '2022-06-27 13:18:28'),
(195, '2206270029', NULL, 108000, 0, 108000, 108000, 0, '', '2022-06-27', 9, '2022-06-27 13:26:12'),
(196, '2206270030', NULL, 150000, 0, 150000, 150000, 0, '', '2022-06-27', 9, '2022-06-27 14:05:27'),
(197, '2206270031', NULL, 6000, 0, 6000, 10000, 4000, '', '2022-06-27', 9, '2022-06-27 14:12:35'),
(198, '2206270032', NULL, 23520, 20, 23500, 23500, 0, '', '2022-06-27', 9, '2022-06-27 14:22:49'),
(199, '2206270033', NULL, 90000, 0, 90000, 100000, 10000, '', '2022-06-27', 9, '2022-06-27 14:53:38'),
(200, '2206270034', NULL, 37030, 30, 37000, 37000, 0, '', '2022-06-27', 9, '2022-06-27 14:57:58'),
(201, '2206270035', NULL, 70140, 140, 70000, 100000, 30000, '', '2022-06-27', 9, '2022-06-27 15:05:30'),
(202, '2206270036', NULL, 25038, 38, 25000, 25000, 0, '', '2022-06-27', 9, '2022-06-27 15:34:26'),
(203, '2206270037', NULL, 40500, 0, 40500, 40500, 0, '', '2022-06-27', 9, '2022-06-27 15:39:54'),
(204, '2206270038', NULL, 25630, 130, 25500, 25500, 0, '', '2022-06-27', 9, '2022-06-27 15:52:06'),
(205, '2206270039', NULL, 166000, 0, 166000, 200000, 34000, '', '2022-06-27', 9, '2022-06-27 16:02:41'),
(206, '2206270040', NULL, 92500, 0, 92500, 92500, 0, '', '2022-06-27', 9, '2022-06-27 16:15:11'),
(207, '2206270041', NULL, 79500, 0, 79500, 109500, 30000, '', '2022-06-27', 9, '2022-06-27 16:17:12'),
(208, '2206270042', NULL, 67500, 0, 67500, 68000, 500, '', '2022-06-27', 9, '2022-06-27 16:18:52'),
(209, '2206270043', NULL, 84425, 225, 84200, 100000, 15800, '', '2022-06-27', 9, '2022-06-27 16:27:58');

--
-- Triggers `t_penjualan`
--
DELIMITER $$
CREATE TRIGGER `hapus_detail` AFTER DELETE ON `t_penjualan` FOR EACH ROW BEGIN
	DELETE FROM t_penjualan_detail
    WHERE id_penjualan = OLD.id_penjualan;
END
$$
DELIMITER ;

-- --------------------------------------------------------

--
-- Table structure for table `t_penjualan_detail`
--

CREATE TABLE `t_penjualan_detail` (
  `id_detail` int(11) NOT NULL,
  `id_penjualan` int(11) NOT NULL,
  `id_barang` int(11) NOT NULL,
  `harga` int(11) NOT NULL,
  `qty` int(11) NOT NULL,
  `diskon` float(10,0) NOT NULL DEFAULT '0',
  `total` int(11) NOT NULL
) ENGINE=InnoDB DEFAULT CHARSET=latin1;

--
-- Dumping data for table `t_penjualan_detail`
--

INSERT INTO `t_penjualan_detail` (`id_detail`, `id_penjualan`, `id_barang`, `harga`, `qty`, `diskon`, `total`) VALUES
(1, 1, 12, 13000, 3, 0, 39000),
(2, 1, 75, 46000, 1, 0, 46000),
(3, 2, 10, 3250, 12, 0, 39000),
(4, 2, 11, 6500, 10, 0, 65000),
(5, 3, 94, 18000, 12, 0, 216000),
(6, 4, 95, 5000, 1, 0, 5000),
(7, 4, 30, 7000, 1, 0, 7000),
(8, 4, 77, 6000, 1, 0, 6000),
(9, 4, 34, 6000, 1, 0, 6000),
(10, 4, 66, 5000, 2, 0, 10000),
(11, 4, 63, 2500, 2, 0, 5000),
(12, 5, 85, 1500, 1, 0, 1500),
(13, 6, 23, 2800, 5, 0, 14000),
(14, 6, 81, 6500, 1, 0, 6500),
(15, 6, 5, 1000, 3, 0, 3000),
(16, 6, 38, 3000, 1, 0, 3000),
(17, 7, 115, 9500, 8, 0, 76000),
(18, 7, 82, 5000, 1, 0, 5000),
(20, 9, 85, 1500, 2, 0, 3000),
(21, 10, 107, 13500, 18, 444, 235000),
(22, 10, 37, 22000, 12, 1000, 252000),
(23, 10, 116, 111000, 1, 6000, 105000),
(24, 10, 124, 106000, 1, 6000, 100000),
(25, 10, 127, 113000, 1, 6000, 107000),
(26, 10, 101, 26000, 10, 500, 255000),
(27, 10, 67, 5000, 12, 500, 54000),
(28, 10, 5, 1000, 72, 194, 58000),
(29, 10, 27, 9500, 6, 0, 57000),
(30, 10, 75, 46000, 6, 2000, 264000),
(31, 10, 57, 11000, 10, 500, 105000),
(32, 11, 131, 27, 2000, 0, 54000),
(33, 11, 11, 6500, 10, 0, 65000),
(34, 12, 37, 22000, 4, 0, 88000),
(35, 12, 131, 27, 5000, 0, 135000),
(36, 12, 75, 46000, 1, 0, 46000),
(37, 12, 68, 9000, 4, 0, 36000),
(38, 12, 12, 13000, 2, 0, 26000),
(39, 12, 29, 7000, 20, 300, 134000),
(40, 13, 110, 24000, 1, 0, 24000),
(41, 14, 12, 13000, 1, 0, 13000),
(42, 14, 107, 13500, 2, 0, 27000),
(43, 14, 108, 500, 2, 0, 1000),
(44, 15, 107, 13500, 1, 0, 13500),
(45, 15, 108, 500, 1, 0, 500),
(46, 16, 107, 13500, 1, 0, 13500),
(47, 16, 108, 500, 1, 0, 500),
(48, 16, 78, 2500, 1, 0, 2500),
(49, 16, 83, 2000, 2, 0, 4000),
(50, 17, 79, 11000, 2, 0, 22000),
(51, 17, 30, 7000, 3, 0, 21000),
(52, 18, 107, 13500, 10, 0, 135000),
(53, 19, 107, 13500, 4, 0, 54000),
(54, 19, 115, 9500, 6, 0, 57000),
(55, 19, 131, 27, 56, 0, 1500),
(56, 20, 79, 11500, 2, 0, 23000),
(57, 20, 147, 21000, 1, 0, 21000),
(58, 21, 107, 13500, 10, 0, 135000),
(59, 21, 73, 24000, 1, 0, 24000),
(60, 22, 134, 32, 500, 0, 16000),
(61, 22, 132, 40, 250, 0, 10000),
(62, 23, 127, 113000, 1, 0, 113000),
(63, 23, 116, 111000, 1, 0, 111000),
(64, 23, 131, 27, 1000, 0, 27000),
(65, 23, 147, 21000, 1, 0, 21000),
(66, 24, 115, 9500, 5, 0, 47500),
(67, 25, 107, 13500, 1, 0, 13500),
(68, 26, 132, 40, 500, 0, 20000),
(69, 26, 67, 5000, 2, 0, 10000),
(70, 26, 69, 5000, 1, 0, 5000),
(71, 26, 135, 20, 1000, 0, 20000),
(72, 27, 135, 20, 500, 0, 10000),
(73, 27, 50, 8000, 1, 0, 8000),
(74, 28, 150, 12000, 3, 0, 36000),
(75, 28, 66, 5000, 2, 0, 10000),
(76, 28, 5, 1000, 12, 167, 10000),
(77, 28, 131, 27, 630, 0, 17000),
(78, 28, 134, 32, 313, 0, 10000),
(79, 28, 39, 1000, 12, 167, 10000),
(80, 28, 132, 40, 125, 0, 5000),
(81, 29, 25, 3000, 4, 0, 12000),
(82, 30, 147, 21000, 1, 0, 21000),
(83, 30, 38, 3000, 1, 0, 3000),
(84, 30, 83, 2000, 1, 0, 2000),
(85, 31, 107, 13500, 3, 0, 40500),
(86, 32, 11, 6500, 2, 0, 13000),
(87, 32, 133, 60, 84, 0, 5040),
(88, 32, 134, 32, 110, 0, 3520),
(89, 32, 52, 5000, 1, 0, 5000),
(90, 33, 82, 5000, 1, 0, 5000),
(91, 34, 100, 26000, 1, 0, 26000),
(92, 34, 11, 6500, 4, 0, 26000),
(93, 35, 66, 5000, 1, 0, 5000),
(94, 36, 133, 60, 334, 0, 20040),
(95, 36, 134, 32, 282, 0, 9024),
(96, 36, 104, 5500, 1, 0, 5500),
(97, 36, 131, 27, 1000, 0, 27000),
(98, 36, 11, 6500, 2, 0, 13000),
(99, 37, 100, 26000, 20, 500, 510000),
(100, 37, 79, 11500, 5, 0, 57500),
(101, 37, 110, 24000, 1, 0, 24000),
(102, 37, 124, 106000, 5, 0, 530000),
(103, 38, 79, 11500, 1, 0, 11500),
(104, 38, 151, 7500, 1, 0, 7500),
(105, 38, 107, 13500, 1, 0, 13500),
(106, 38, 108, 500, 1, 0, 500),
(107, 39, 147, 21000, 1, 0, 21000),
(108, 39, 133, 60, 100, 0, 6000),
(109, 40, 107, 13500, 1, 0, 13500),
(110, 41, 29, 7000, 3, 0, 21000),
(111, 42, 131, 27, 15000, 1, 396000),
(112, 43, 138, 100, 100, 0, 10000),
(113, 43, 147, 21000, 2, 0, 42000),
(114, 43, 132, 40, 250, 0, 10000),
(115, 44, 30, 7000, 10, 0, 70000),
(116, 45, 30, 7000, 5, 0, 35000),
(117, 46, 107, 13500, 10, 0, 135000),
(118, 47, 131, 27, 1000, 0, 27000),
(119, 48, 107, 13500, 2, 0, 27000),
(120, 48, 108, 500, 2, 0, 1000),
(121, 49, 131, 27, 1000, 0, 27000),
(122, 49, 96, 2000, 10, 300, 17000),
(123, 50, 107, 13500, 2, 0, 27000),
(124, 51, 56, 11000, 1, 0, 11000),
(125, 52, 131, 27, 2000, 0, 54000),
(126, 53, 131, 27, 1000, 0, 27000),
(127, 53, 76, 6000, 6, 250, 34500),
(128, 53, 115, 9500, 1, 0, 9500),
(129, 53, 109, 15000, 1, 0, 15000),
(130, 53, 83, 2000, 5, 300, 8500),
(131, 53, 135, 20, 500, 0, 10000),
(132, 53, 107, 13500, 5, 0, 67500),
(133, 53, 133, 60, 250, 0, 15000),
(134, 54, 107, 13500, 5, 0, 67500),
(135, 54, 115, 9500, 1, 0, 9500),
(136, 55, 135, 20, 250, 0, 5000),
(137, 55, 131, 27, 500, 0, 13500),
(138, 55, 154, 5000, 1, 0, 5000),
(139, 56, 135, 20, 250, 0, 5000),
(140, 57, 109, 15000, 1, 0, 15000),
(141, 58, 75, 46000, 1, 0, 46000),
(142, 58, 80, 12000, 1, 0, 12000),
(143, 58, 11, 6500, 4, 0, 26000),
(144, 59, 148, 62000, 1, 0, 62000),
(145, 59, 11, 6500, 8, 0, 52000),
(146, 60, 107, 13500, 6, 0, 81000),
(147, 60, 131, 27, 1223, 0, 33021),
(148, 60, 115, 9500, 19, 0, 180500),
(149, 60, 46, 5000, 1, 0, 5000),
(150, 60, 12, 13000, 4, 0, 52000),
(151, 60, 11, 6500, 1, 0, 6500),
(152, 61, 131, 27, 3000, 0, 81000),
(153, 61, 145, 110000, 1, 0, 110000),
(154, 62, 59, 5000, 2, 0, 10000),
(155, 63, 79, 11500, 5, 0, 55000),
(156, 63, 11, 6500, 20, 0, 130000),
(157, 64, 155, 14500, 2, 0, 29000),
(158, 65, 131, 27, 500, 0, 13500),
(159, 65, 27, 9500, 1, 0, 9500),
(160, 65, 79, 11500, 1, 0, 11500),
(161, 65, 155, 14500, 1, 0, 14500),
(162, 66, 17, 2800, 3, 0, 8400),
(163, 67, 83, 2000, 2, 0, 4000),
(164, 68, 79, 11500, 2, 0, 22000),
(165, 68, 28, 2000, 10, 0, 20000),
(166, 69, 133, 60, 134, 0, 8040),
(167, 69, 131, 27, 500, 0, 13500),
(168, 69, 30, 7000, 1, 0, 7000),
(169, 69, 147, 21000, 1, 0, 21000),
(170, 70, 28, 2000, 6, 0, 12000),
(171, 70, 11, 6500, 5, 0, 32500),
(172, 71, 131, 27, 1500, 0, 40500),
(173, 71, 133, 60, 250, 0, 15000),
(174, 72, 160, 10000, 5, 0, 50000),
(175, 72, 155, 14500, 1, 0, 14500),
(176, 72, 13, 3000, 5, 0, 15000),
(177, 72, 14, 2800, 5, 0, 14000),
(178, 72, 38, 3000, 2, 0, 6000),
(179, 72, 12, 13000, 1, 0, 13000),
(180, 72, 106, 3000, 1, 0, 3000),
(181, 72, 131, 27, 1000, 0, 27000),
(182, 73, 128, 108000, 1, 0, 108000),
(183, 73, 116, 111000, 1, 0, 111000),
(184, 73, 109, 15000, 5, 1400, 68000),
(185, 74, 28, 2000, 4, 0, 8000),
(186, 75, 107, 13500, 7, 0, 94500),
(187, 76, 131, 27, 1500, 0, 40500),
(188, 76, 69, 5000, 1, 0, 5000),
(189, 77, 139, 1500, 2, 0, 3000),
(190, 77, 142, 2000, 2, 0, 4000),
(191, 78, 151, 7500, 1, 0, 7500),
(192, 78, 134, 32, 250, 0, 8000),
(193, 78, 147, 21000, 2, 0, 42000),
(194, 78, 87, 3500, 1, 0, 3500),
(195, 79, 96, 2000, 1, 0, 2000),
(196, 80, 131, 27, 2000, 0, 54000),
(197, 80, 155, 14500, 1, 0, 14500),
(198, 81, 131, 27, 723, 0, 19521),
(199, 81, 38, 3000, 1, 0, 3000),
(200, 82, 157, 235000, 1, 0, 235000),
(201, 82, 36, 2000, 78, 0, 156000),
(202, 82, 68, 9000, 4, 250, 35000),
(203, 82, 65, 500, 80, 75, 34000),
(204, 82, 69, 5000, 12, 500, 54000),
(205, 82, 67, 5000, 12, 500, 54000),
(206, 82, 79, 11000, 20, 400, 212000),
(207, 82, 28, 2000, 36, 111, 68000),
(208, 82, 158, 60000, 1, 0, 60000),
(209, 82, 118, 106000, 1, 6000, 100000),
(210, 82, 116, 111000, 1, 6000, 105000),
(211, 82, 159, 5000, 8, 625, 35000),
(212, 83, 113, 18000, 3, 0, 54000),
(213, 83, 132, 40, 150, 0, 6000),
(214, 84, 148, 62000, 1, 0, 62000),
(215, 84, 115, 9500, 2, 0, 19000),
(216, 85, 110, 24000, 2, 0, 48000),
(217, 86, 141, 8500, 10, 0, 85000),
(218, 86, 14, 2800, 5, 0, 14000),
(219, 86, 11, 6500, 1, 0, 6500),
(220, 86, 13, 3000, 5, 0, 15000),
(221, 86, 69, 5000, 1, 0, 5000),
(222, 86, 83, 2000, 3, 0, 6000),
(223, 86, 131, 27, 1000, 0, 27000),
(224, 87, 82, 5000, 1, 0, 5000),
(225, 87, 65, 500, 10, 0, 5000),
(226, 87, 87, 3500, 1, 0, 3500),
(227, 88, 100, 26000, 1, 0, 26000),
(228, 88, 12, 13000, 3, 0, 39000),
(229, 88, 131, 27, 1000, 0, 27000),
(230, 89, 155, 14500, 12, 0, 174000),
(231, 90, 107, 13500, 2, 0, 27000),
(232, 90, 23, 2800, 2, 0, 5600),
(233, 91, 66, 5000, 2, 0, 10000),
(234, 91, 150, 12000, 3, 0, 36000),
(235, 92, 131, 27, 1000, 0, 27000),
(236, 92, 69, 5000, 1, 0, 5000),
(237, 92, 5, 1000, 10, 0, 10000),
(238, 93, 155, 14500, 2, 0, 29000),
(239, 94, 30, 7000, 5, 200, 34000),
(240, 94, 100, 26000, 1, 0, 26000),
(241, 95, 75, 46000, 2, 0, 92000),
(242, 96, 12, 13000, 3, 0, 39000),
(243, 96, 75, 46000, 1, 0, 46000),
(244, 97, 158, 60000, 3, 0, 180000),
(245, 98, 33, 10000, 3, 0, 30000),
(246, 98, 37, 22000, 3, 0, 66000),
(247, 98, 94, 18000, 1, 0, 18000),
(248, 98, 155, 14500, 3, 0, 43500),
(249, 98, 68, 9000, 4, 0, 36000),
(250, 98, 131, 27, 5000, 0, 135000),
(251, 98, 12, 13000, 2, 0, 26000),
(252, 99, 109, 15000, 2, 0, 30000),
(253, 99, 54, 11000, 2, 0, 22000),
(254, 99, 133, 60, 250, 0, 15000),
(255, 99, 134, 32, 344, 0, 11008),
(256, 99, 82, 5000, 3, 0, 15000),
(257, 100, 124, 106000, 3, 0, 318000),
(258, 100, 100, 26000, 13, 0, 338000),
(259, 101, 131, 27, 1000, 0, 27000),
(260, 101, 11, 6500, 6, 0, 39000),
(261, 101, 16, 2800, 5, 0, 14000),
(262, 101, 162, 3000, 4, 0, 12000),
(263, 102, 11, 6500, 15, 0, 97500),
(264, 102, 155, 14500, 3, 0, 43500),
(265, 103, 124, 106000, 2, 0, 212000),
(266, 103, 100, 26000, 10, 0, 260000),
(267, 103, 155, 14500, 1, 0, 14500),
(268, 103, 119, 106000, 1, 0, 106000),
(269, 104, 31, 10000, 5, 400, 48000),
(270, 105, 157, 230000, 1, 0, 230000),
(271, 106, 12, 13000, 1, 0, 13000),
(272, 107, 161, 21, 1000, 0, 21000),
(273, 107, 14, 2800, 2, 0, 5600),
(274, 107, 147, 21000, 1, 0, 21000),
(275, 108, 140, 9500, 10, 500, 90000),
(276, 109, 131, 27, 5000, 0, 135000),
(277, 109, 95, 5000, 1, 0, 5000),
(278, 109, 132, 40, 125, 0, 5000),
(279, 110, 147, 21000, 1, 0, 21000),
(280, 111, 40, 11000, 2, 0, 22000),
(281, 112, 147, 21000, 1, 0, 21000),
(282, 112, 166, 500, 6, 0, 3000),
(283, 113, 107, 13500, 5, 0, 67500),
(284, 113, 76, 6000, 6, 250, 34500),
(285, 113, 135, 20, 500, 0, 10000),
(286, 113, 109, 15000, 1, 0, 15000),
(287, 113, 83, 2000, 5, 300, 8500),
(288, 114, 132, 40, 250, 0, 10000),
(289, 115, 140, 9500, 2, 0, 19000),
(290, 115, 160, 10000, 8, 0, 80000),
(291, 116, 153, 12000, 1, 0, 12000),
(292, 117, 136, 22, 341, 0, 7502),
(293, 117, 131, 265, 100, 0, 26500),
(294, 117, 155, 14500, 1, 0, 14500),
(295, 118, 131, 265, 100, 0, 26500),
(296, 118, 134, 32, 250, 0, 8000),
(297, 118, 133, 60, 200, 0, 12000),
(298, 118, 80, 12000, 1, 0, 12000),
(299, 118, 27, 9500, 1, 0, 9500),
(300, 118, 169, 2500, 10, 0, 25000),
(301, 119, 155, 14500, 1, 0, 14500),
(302, 119, 170, 2500, 1, 0, 2500),
(303, 120, 155, 14500, 1, 0, 14500),
(304, 120, 76, 6000, 1, 0, 6000),
(305, 120, 78, 2500, 1, 0, 2500),
(306, 121, 147, 21000, 2, 0, 42000),
(307, 121, 151, 7500, 1, 0, 7500),
(308, 121, 134, 32, 500, 0, 16000),
(309, 121, 95, 5000, 1, 0, 5000),
(310, 122, 131, 265, 51, 0, 13500),
(311, 123, 131, 265, 189, 0, 50085),
(312, 123, 155, 14500, 2, 0, 29000),
(313, 124, 52, 5000, 1, 0, 5000),
(314, 124, 88, 5000, 1, 0, 5000),
(315, 124, 167, 21, 477, 0, 10017),
(316, 125, 107, 13500, 1, 0, 13500),
(317, 125, 147, 21000, 1, 500, 20500),
(318, 126, 11, 6500, 10, 0, 65000),
(319, 126, 100, 26000, 1, 0, 26000),
(320, 126, 131, 265, 100, 0, 26500),
(321, 126, 155, 14500, 1, 0, 14500),
(322, 127, 131, 265, 116, 0, 30740),
(323, 127, 155, 14500, 6, 0, 87000),
(324, 128, 155, 14500, 12, 0, 174000),
(325, 129, 12, 13000, 2, 0, 26000),
(326, 129, 102, 18000, 1, 0, 18000),
(327, 130, 131, 265, 51, 0, 13515),
(328, 131, 155, 14500, 2, 0, 29000),
(329, 131, 131, 265, 51, 0, 13515),
(330, 131, 97, 5000, 1, 0, 5000),
(331, 131, 166, 500, 5, 0, 2500),
(332, 131, 150, 12000, 1, 0, 12000),
(333, 132, 175, 1500, 5, 300, 6000),
(334, 132, 174, 3000, 5, 0, 15000),
(335, 132, 167, 21, 500, 0, 10500),
(336, 132, 42, 500, 12, 83, 5004),
(337, 132, 10, 3250, 20, 0, 65000),
(338, 133, 134, 32, 625, 0, 20000),
(339, 133, 133, 60, 534, 0, 32040),
(340, 133, 138, 100, 100, 0, 10000),
(341, 133, 132, 40, 750, 0, 30000),
(342, 133, 155, 14500, 1, 0, 14500),
(343, 133, 82, 5000, 1, 0, 5000),
(344, 134, 107, 13500, 5, 0, 67500),
(345, 134, 135, 20, 500, 0, 10000),
(346, 134, 115, 9500, 1, 0, 9500),
(347, 134, 131, 265, 100, 0, 26500),
(348, 134, 76, 6000, 6, 0, 36000),
(349, 134, 10, 3250, 4, 0, 13000),
(350, 134, 109, 15000, 1, 0, 15000),
(351, 135, 12, 13000, 2, 0, 26000),
(352, 135, 18, 2800, 5, 0, 14000),
(353, 136, 160, 10000, 3, 0, 30000),
(354, 137, 131, 265, 200, 0, 53000),
(355, 138, 161, 21, 1500, 0, 31500),
(356, 139, 132, 40, 250, 0, 10000),
(357, 140, 131, 265, 200, 0, 53000),
(358, 141, 107, 13500, 3, 0, 40500),
(359, 142, 34, 6000, 1, 0, 6000),
(362, 144, 109, 15000, 1, 0, 15000),
(363, 145, 11, 6500, 20, 0, 130000),
(364, 145, 171, 150, 3000, 0, 420000),
(365, 146, 135, 20, 125, 0, 2500),
(366, 146, 133, 60, 167, 0, 10020),
(367, 146, 155, 14500, 1, 0, 14500),
(368, 146, 131, 265, 13, 0, 3445),
(369, 147, 107, 13500, 5, 0, 67500),
(370, 147, 131, 265, 51, 0, 13515),
(371, 147, 69, 5000, 1, 0, 5000),
(372, 148, 81, 6500, 1, 0, 6500),
(373, 148, 76, 6000, 1, 0, 6000),
(374, 148, 164, 500, 5, 0, 2500),
(375, 148, 5, 1000, 2, 0, 2000),
(376, 149, 162, 3000, 4, 0, 12000),
(377, 149, 11, 6500, 2, 0, 13000),
(378, 149, 133, 60, 583, 0, 35000),
(379, 150, 176, 23000, 1, 0, 23000),
(380, 150, 12, 13000, 3, 0, 39000),
(381, 151, 131, 265, 100, 0, 26500),
(382, 152, 147, 21000, 1, 0, 21000),
(383, 152, 136, 22, 160, 0, 3520),
(384, 152, 139, 1500, 1, 0, 1500),
(385, 153, 11, 6500, 1, 0, 6500),
(386, 154, 147, 21000, 2, 750, 40500),
(387, 155, 131, 265, 100, 0, 26500),
(388, 156, 155, 14500, 1, 0, 14500),
(389, 157, 29, 7000, 2, 0, 14000),
(390, 158, 107, 13500, 6, 0, 81000),
(391, 158, 155, 14500, 2, 0, 29000),
(392, 159, 11, 6500, 3, 0, 19500),
(393, 160, 131, 265, 4000, 0, 1040000),
(394, 160, 155, 14500, 45, 0, 652500),
(395, 160, 79, 11000, 45, 0, 495000),
(396, 160, 85, 1500, 1, 0, 1500),
(397, 160, 87, 3500, 1, 0, 3500),
(398, 160, 178, 6000, 3, 0, 18000),
(399, 161, 131, 265, 48, 0, 12720),
(401, 163, 131, 265, 1000, 10, 255000),
(402, 164, 71, 12500, 1, 0, 12500),
(403, 164, 131, 265, 25, 5, 6500),
(404, 165, 11, 6500, 1, 0, 6500),
(405, 165, 110, 24000, 1, 0, 24000),
(406, 166, 109, 15000, 2, 0, 30000),
(407, 167, 131, 265, 250, 0, 66250),
(408, 167, 155, 14500, 1, 0, 14500),
(409, 167, 67, 5000, 1, 0, 5000),
(410, 168, 30, 7000, 10, 200, 68000),
(411, 168, 155, 14500, 1, 0, 14500),
(412, 169, 29, 7000, 10, 200, 68000),
(413, 170, 12, 13000, 3, 0, 39000),
(414, 171, 82, 5000, 1, 0, 5000),
(415, 172, 107, 13500, 1, 0, 13500),
(416, 172, 14, 2800, 6, 0, 16800),
(417, 172, 131, 265, 51, 0, 13515),
(418, 173, 57, 11000, 1, 0, 11000),
(419, 174, 131, 265, 100, 0, 26500),
(420, 175, 30, 7000, 5, 0, 35000),
(421, 176, 147, 21000, 1, 0, 21000),
(422, 177, 147, 21000, 1, 0, 21000),
(423, 177, 94, 18000, 1, 0, 18000),
(424, 178, 131, 265, 50, 0, 13500),
(425, 179, 12, 13000, 3, 0, 39000),
(426, 179, 131, 265, 300, 0, 79500),
(427, 179, 145, 110000, 1, 0, 110000),
(428, 179, 29, 7000, 10, 200, 68000),
(429, 179, 50, 8000, 1, 0, 8000),
(430, 179, 51, 8000, 1, 0, 8000),
(431, 179, 33, 10000, 3, 0, 30000),
(432, 179, 167, 21, 500, 0, 10500),
(433, 180, 147, 21000, 2, 0, 42000),
(434, 180, 83, 2000, 2, 0, 4000),
(435, 181, 131, 265, 100, 0, 26500),
(436, 181, 30, 7000, 1, 0, 7000),
(437, 182, 107, 13500, 1, 0, 13500),
(438, 182, 135, 20, 350, 0, 7000),
(439, 182, 83, 2000, 3, 0, 6000),
(440, 182, 132, 40, 125, 0, 5000),
(441, 183, 131, 265, 1100, 5, 286000),
(442, 183, 178, 6000, 1, 0, 6000),
(443, 184, 131, 265, 100, 0, 26500),
(444, 184, 72, 22500, 1, 0, 22500),
(445, 185, 131, 265, 100, 0, 26500),
(446, 186, 155, 14500, 2, 0, 29000),
(447, 187, 113, 18000, 1, 0, 18000),
(448, 187, 57, 11000, 1, 0, 11000),
(449, 187, 12, 13000, 1, 0, 13000),
(450, 188, 29, 7000, 5, 200, 34000),
(451, 188, 30, 7000, 5, 200, 34000),
(452, 189, 131, 265, 50, 0, 13500),
(453, 190, 131, 265, 1000, 5, 260000),
(454, 190, 178, 6000, 1, 0, 6000),
(455, 191, 149, 97000, 1, 0, 97000),
(456, 192, 148, 62000, 1, 0, 62000),
(457, 193, 12, 13000, 1, 0, 13000),
(458, 193, 26, 2800, 5, 0, 14000),
(459, 194, 131, 265, 500, 0, 132500),
(460, 194, 107, 13500, 1, 0, 13500),
(461, 195, 107, 13500, 8, 0, 108000),
(462, 196, 107, 13500, 10, 500, 130000),
(463, 196, 131, 265, 50, 0, 13500),
(464, 196, 65, 500, 13, 0, 6500),
(465, 197, 99, 6000, 1, 0, 6000),
(466, 198, 133, 60, 392, 0, 23520),
(467, 199, 13, 3000, 20, 200, 56000),
(468, 199, 67, 5000, 1, 0, 5000),
(469, 199, 69, 5000, 1, 0, 5000),
(470, 199, 78, 2500, 5, 100, 12000),
(471, 199, 156, 3000, 4, 0, 12000),
(472, 200, 131, 265, 102, 0, 27030),
(473, 200, 99, 6000, 1, 0, 6000),
(474, 200, 3, 1000, 4, 0, 4000),
(475, 201, 131, 265, 76, 0, 20140),
(476, 201, 160, 10000, 5, 0, 50000),
(477, 202, 131, 265, 68, 0, 18020),
(478, 202, 136, 22, 319, 0, 7018),
(479, 203, 107, 13500, 3, 0, 40500),
(480, 204, 155, 14500, 1, 0, 14500),
(481, 204, 131, 265, 42, 0, 11130),
(482, 205, 150, 12000, 1, 0, 12000),
(483, 205, 76, 6000, 6, 0, 36000),
(484, 205, 109, 15000, 1, 0, 15000),
(485, 205, 131, 265, 100, 0, 26500),
(486, 205, 107, 13500, 5, 0, 67500),
(487, 205, 65, 500, 20, 50, 9000),
(488, 206, 131, 265, 100, 0, 26500),
(489, 206, 37, 22000, 3, 0, 66000),
(490, 207, 131, 265, 300, 0, 79500),
(491, 208, 107, 13500, 5, 0, 67500),
(492, 209, 131, 265, 65, 0, 17225),
(493, 209, 160, 10000, 5, 0, 50000),
(494, 209, 19, 2800, 2, 0, 5600),
(495, 209, 25, 3000, 2, 0, 6000),
(496, 209, 24, 2800, 2, 0, 5600);

--
-- Triggers `t_penjualan_detail`
--
DELIMITER $$
CREATE TRIGGER `stok_kurang` AFTER INSERT ON `t_penjualan_detail` FOR EACH ROW BEGIN
	UPDATE p_barang SET stok = stok - NEW.qty
    WHERE id_barang = NEW.id_barang;
END
$$
DELIMITER ;

-- --------------------------------------------------------

--
-- Table structure for table `t_stok`
--

CREATE TABLE `t_stok` (
  `id_stok` int(11) NOT NULL,
  `id_barang` int(11) NOT NULL,
  `tipe` enum('masuk','keluar') NOT NULL,
  `keterangan` varchar(100) NOT NULL,
  `id_pemasok` int(11) DEFAULT NULL,
  `qty` int(11) NOT NULL,
  `tanggal` date NOT NULL,
  `dibuat` datetime NOT NULL DEFAULT CURRENT_TIMESTAMP,
  `id_pengguna` int(11) NOT NULL
) ENGINE=InnoDB DEFAULT CHARSET=latin1;

--
-- Dumping data for table `t_stok`
--

INSERT INTO `t_stok` (`id_stok`, `id_barang`, `tipe`, `keterangan`, `id_pemasok`, `qty`, `tanggal`, `dibuat`, `id_pengguna`) VALUES
(2, 13, 'masuk', 'input data', NULL, 13, '2022-06-20', '2022-06-20 11:44:11', 8),
(3, 15, 'masuk', 'input data', NULL, 32, '2022-06-20', '2022-06-20 11:44:38', 8),
(4, 21, 'masuk', 'input data', NULL, 42, '2022-06-20', '2022-06-20 11:45:19', 8),
(5, 20, 'masuk', 'input data', NULL, 28, '2022-06-20', '2022-06-20 11:45:38', 8),
(6, 16, 'masuk', 'input data', NULL, 19, '2022-06-20', '2022-06-20 11:46:00', 8),
(7, 17, 'masuk', 'input data', NULL, 20, '2022-06-20', '2022-06-20 11:46:16', 8),
(8, 18, 'masuk', 'input data', NULL, 22, '2022-06-20', '2022-06-20 11:46:36', 8),
(9, 19, 'masuk', 'input data', NULL, 19, '2022-06-20', '2022-06-20 11:46:53', 8),
(10, 14, 'masuk', 'input data', NULL, 15, '2022-06-20', '2022-06-20 11:49:22', 8),
(11, 24, 'masuk', 'input data', NULL, 37, '2022-06-20', '2022-06-20 11:50:34', 8),
(12, 22, 'masuk', 'input data', NULL, 30, '2022-06-20', '2022-06-20 11:51:42', 8),
(13, 70, 'masuk', 'input data', NULL, 12, '2022-06-20', '2022-06-20 11:55:12', 8),
(14, 35, 'masuk', 'input data', NULL, 19, '2022-06-20', '2022-06-20 13:01:06', 8),
(16, 33, 'masuk', 'input data', NULL, 4, '2022-06-20', '2022-06-20 13:02:56', 8),
(17, 40, 'masuk', 'input data', NULL, 10, '2022-06-20', '2022-06-20 13:03:08', 8),
(18, 37, 'masuk', 'input data', NULL, 11, '2022-06-20', '2022-06-20 13:03:16', 8),
(20, 38, 'masuk', 'input data', NULL, 20, '2022-06-20', '2022-06-20 13:04:52', 8),
(23, 63, 'masuk', 'input data', NULL, 10, '2022-06-20', '2022-06-20 13:10:41', 8),
(24, 64, 'masuk', 'input data', NULL, 6, '2022-06-20', '2022-06-20 13:11:08', 8),
(25, 1, 'masuk', 'input data', NULL, 10, '2022-06-20', '2022-06-20 13:11:38', 8),
(26, 2, 'masuk', 'input data', NULL, 3, '2022-06-20', '2022-06-20 13:11:58', 8),
(27, 3, 'masuk', 'input data', NULL, 10, '2022-06-20', '2022-06-20 13:12:38', 8),
(28, 9, 'masuk', 'input data', NULL, 8, '2022-06-20', '2022-06-20 13:13:29', 8),
(29, 41, 'masuk', 'input data', NULL, 20, '2022-06-20', '2022-06-20 13:14:17', 8),
(30, 5, 'masuk', 'input data', NULL, 6, '2022-06-20', '2022-06-20 13:16:28', 8),
(32, 4, 'masuk', 'input data', NULL, 3, '2022-06-20', '2022-06-20 13:17:19', 8),
(33, 6, 'masuk', 'input data', NULL, 8, '2022-06-20', '2022-06-20 13:18:09', 8),
(34, 7, 'masuk', 'input data', NULL, 3, '2022-06-20', '2022-06-20 13:18:29', 8),
(36, 42, 'masuk', 'input data', NULL, 17, '2022-06-20', '2022-06-20 13:19:58', 8),
(37, 44, 'masuk', 'input data', NULL, 4, '2022-06-20', '2022-06-20 13:20:17', 8),
(38, 45, 'masuk', 'input data', NULL, 8, '2022-06-20', '2022-06-20 13:20:37', 8),
(39, 43, 'masuk', 'input data', NULL, 2, '2022-06-20', '2022-06-20 13:20:55', 8),
(40, 75, 'masuk', 'input data', NULL, 11, '2022-06-20', '2022-06-20 13:23:16', 8),
(41, 71, 'masuk', 'input data', NULL, 23, '2022-06-20', '2022-06-20 13:23:45', 8),
(42, 72, 'masuk', 'input data', NULL, 24, '2022-06-20', '2022-06-20 13:24:01', 8),
(43, 73, 'masuk', 'input data', NULL, 17, '2022-06-20', '2022-06-20 13:24:42', 8),
(44, 74, 'masuk', 'input data', NULL, 27, '2022-06-20', '2022-06-20 13:25:18', 8),
(45, 50, 'masuk', 'input data', NULL, 14, '2022-06-20', '2022-06-20 13:31:24', 8),
(46, 51, 'masuk', 'input data', NULL, 21, '2022-06-20', '2022-06-20 13:31:42', 8),
(47, 47, 'masuk', 'input data', NULL, 20, '2022-06-20', '2022-06-20 13:32:07', 8),
(48, 48, 'masuk', 'input data', NULL, 30, '2022-06-20', '2022-06-20 13:32:28', 8),
(49, 49, 'masuk', 'input data', NULL, 19, '2022-06-20', '2022-06-20 13:32:48', 8),
(50, 46, 'masuk', 'input data', NULL, 57, '2022-06-20', '2022-06-20 13:33:22', 8),
(51, 55, 'masuk', 'input data', NULL, 4, '2022-06-20', '2022-06-20 13:33:55', 8),
(52, 54, 'masuk', 'input data', NULL, 16, '2022-06-20', '2022-06-20 13:34:18', 8),
(53, 53, 'masuk', 'input data', NULL, 6, '2022-06-20', '2022-06-20 13:34:33', 8),
(54, 52, 'masuk', 'input data', NULL, 6, '2022-06-20', '2022-06-20 13:34:51', 8),
(55, 57, 'masuk', 'input data', NULL, 20, '2022-06-20', '2022-06-20 13:35:20', 8),
(56, 56, 'masuk', 'input data', NULL, 39, '2022-06-20', '2022-06-20 13:35:54', 8),
(57, 58, 'masuk', 'input data', NULL, 36, '2022-06-20', '2022-06-20 13:36:10', 8),
(58, 60, 'masuk', 'input data', NULL, 35, '2022-06-20', '2022-06-20 13:36:28', 8),
(59, 62, 'masuk', 'input data', NULL, 16, '2022-06-20', '2022-06-20 13:36:44', 8),
(60, 61, 'masuk', 'input data', NULL, 36, '2022-06-20', '2022-06-20 13:36:59', 8),
(61, 59, 'masuk', 'input data', NULL, 40, '2022-06-20', '2022-06-20 13:37:19', 8),
(62, 34, 'masuk', 'input data', NULL, 37, '2022-06-20', '2022-06-20 13:39:13', 8),
(63, 36, 'masuk', 'input data', NULL, 113, '2022-06-20', '2022-06-20 13:40:51', 8),
(64, 30, 'masuk', 'input data', NULL, 25, '2022-06-20', '2022-06-20 13:41:22', 8),
(65, 31, 'masuk', 'input data', NULL, 99, '2022-06-20', '2022-06-20 13:41:43', 8),
(66, 32, 'masuk', 'input data', NULL, 50, '2022-06-20', '2022-06-20 13:41:59', 8),
(67, 100, 'masuk', 'input data', NULL, 33, '2022-06-20', '2022-06-20 13:42:22', 8),
(68, 101, 'masuk', 'input data', NULL, 23, '2022-06-20', '2022-06-20 13:42:37', 8),
(69, 102, 'masuk', 'input data', NULL, 21, '2022-06-20', '2022-06-20 13:42:55', 8),
(70, 103, 'masuk', 'input data', NULL, 2, '2022-06-20', '2022-06-20 13:43:16', 8),
(71, 105, 'masuk', 'input data', NULL, 11, '2022-06-20', '2022-06-20 13:43:32', 8),
(72, 104, 'masuk', 'input data', NULL, 15, '2022-06-20', '2022-06-20 13:43:45', 8),
(73, 99, 'masuk', 'input data', NULL, 25, '2022-06-20', '2022-06-20 13:44:09', 8),
(74, 106, 'masuk', 'input data', NULL, 20, '2022-06-20', '2022-06-20 13:44:31', 8),
(75, 94, 'masuk', 'input data', NULL, 41, '2022-06-20', '2022-06-20 13:45:00', 8),
(76, 95, 'masuk', 'input data', NULL, 24, '2022-06-20', '2022-06-20 13:45:24', 8),
(77, 96, 'masuk', 'input data', NULL, 60, '2022-06-20', '2022-06-20 13:46:05', 8),
(78, 97, 'masuk', 'input data', NULL, 10, '2022-06-20', '2022-06-20 13:46:32', 8),
(79, 98, 'masuk', 'input data', NULL, 160, '2022-06-20', '2022-06-20 13:46:59', 8),
(80, 81, 'masuk', 'input data', NULL, 41, '2022-06-20', '2022-06-20 13:47:40', 8),
(81, 80, 'masuk', 'input data', NULL, 40, '2022-06-20', '2022-06-20 13:47:55', 8),
(82, 79, 'masuk', 'input data', NULL, 43, '2022-06-20', '2022-06-20 13:48:08', 8),
(83, 77, 'masuk', 'input data', NULL, 30, '2022-06-20', '2022-06-20 13:48:27', 8),
(84, 115, 'masuk', 'input data', NULL, 10, '2022-06-20', '2022-06-20 13:48:47', 8),
(85, 82, 'masuk', 'input data', NULL, 28, '2022-06-20', '2022-06-20 13:51:50', 8),
(86, 83, 'masuk', 'input data', NULL, 149, '2022-06-20', '2022-06-20 13:57:33', 8),
(87, 78, 'masuk', 'input data', NULL, 80, '2022-06-20', '2022-06-20 13:58:13', 8),
(88, 76, 'masuk', 'input data', NULL, 25, '2022-06-20', '2022-06-20 13:58:28', 8),
(89, 88, 'masuk', 'input data', NULL, 80, '2022-06-20', '2022-06-20 13:58:45', 8),
(90, 87, 'masuk', 'input data', NULL, 115, '2022-06-20', '2022-06-20 13:59:06', 8),
(91, 86, 'masuk', 'input data', NULL, 60, '2022-06-20', '2022-06-20 13:59:23', 8),
(92, 85, 'masuk', 'input data', NULL, 105, '2022-06-20', '2022-06-20 13:59:58', 8),
(94, 91, 'masuk', 'input data', NULL, 31, '2022-06-20', '2022-06-20 14:00:32', 8),
(95, 90, 'masuk', 'input data', NULL, 45, '2022-06-20', '2022-06-20 14:00:48', 8),
(96, 92, 'masuk', 'input data', NULL, 45, '2022-06-20', '2022-06-20 14:01:03', 8),
(97, 93, 'masuk', 'input data', NULL, 55, '2022-06-20', '2022-06-20 14:01:17', 8),
(98, 89, 'masuk', 'input data', NULL, 34, '2022-06-20', '2022-06-20 14:01:34', 8),
(99, 111, 'masuk', 'input data', NULL, 12, '2022-06-20', '2022-06-20 14:02:44', 8),
(100, 112, 'masuk', 'input data', NULL, 6, '2022-06-20', '2022-06-20 14:02:59', 8),
(101, 113, 'masuk', 'input data', NULL, 7, '2022-06-20', '2022-06-20 14:03:13', 8),
(102, 109, 'masuk', 'input data', NULL, 40, '2022-06-20', '2022-06-20 14:03:37', 8),
(103, 110, 'masuk', 'input data', NULL, 8, '2022-06-20', '2022-06-20 14:03:52', 8),
(104, 26, 'masuk', 'input data', NULL, 32, '2022-06-20', '2022-06-20 14:04:20', 8),
(105, 25, 'masuk', 'input data', NULL, 30, '2022-06-20', '2022-06-20 14:04:45', 8),
(106, 28, 'masuk', 'input data', NULL, 22, '2022-06-20', '2022-06-20 14:05:47', 8),
(107, 27, 'masuk', 'input data', NULL, 12, '2022-06-20', '2022-06-20 14:06:04', 8),
(109, 39, 'masuk', 'input data', NULL, 132, '2022-06-20', '2022-06-20 14:07:33', 8),
(110, 23, 'masuk', 'input data', NULL, 28, '2022-06-20', '2022-06-20 14:08:25', 8),
(111, 69, 'masuk', 'input data', NULL, 108, '2022-06-20', '2022-06-20 14:10:00', 8),
(112, 66, 'masuk', 'input data', NULL, 8, '2022-06-20', '2022-06-20 14:10:31', 8),
(113, 67, 'masuk', 'input data', NULL, 30, '2022-06-20', '2022-06-20 14:11:06', 8),
(114, 84, 'masuk', 'input data', NULL, 65, '2022-06-20', '2022-06-20 14:11:46', 8),
(115, 29, 'masuk', 'input data', NULL, 7, '2022-06-20', '2022-06-20 14:12:31', 8),
(116, 65, 'masuk', 'input data', NULL, 140, '2022-06-20', '2022-06-20 14:13:22', 8),
(117, 68, 'masuk', 'input data', NULL, 54, '2022-06-20', '2022-06-20 14:13:44', 8),
(119, 125, 'masuk', 'input data', NULL, 4, '2022-06-20', '2022-06-20 14:15:31', 8),
(120, 128, 'masuk', 'input data', NULL, 2, '2022-06-20', '2022-06-20 14:15:46', 8),
(121, 127, 'masuk', 'input data', NULL, 2, '2022-06-20', '2022-06-20 14:16:04', 8),
(122, 126, 'masuk', 'input data', NULL, 1, '2022-06-20', '2022-06-20 14:16:22', 8),
(123, 116, 'masuk', 'input data', NULL, 4, '2022-06-20', '2022-06-20 14:16:44', 8),
(124, 124, 'masuk', 'input data', NULL, 5, '2022-06-20', '2022-06-20 14:17:04', 8),
(125, 119, 'masuk', 'input data', NULL, 3, '2022-06-20', '2022-06-20 14:17:24', 8),
(126, 122, 'masuk', 'input data', NULL, 3, '2022-06-20', '2022-06-20 14:17:43', 8),
(127, 118, 'masuk', 'input data', NULL, 2, '2022-06-20', '2022-06-20 14:17:57', 8),
(128, 120, 'masuk', 'input data', NULL, 1, '2022-06-20', '2022-06-20 14:18:13', 8),
(129, 117, 'masuk', 'input data', NULL, 2, '2022-06-20', '2022-06-20 14:18:28', 8),
(130, 121, 'masuk', 'input data', NULL, 3, '2022-06-20', '2022-06-20 14:18:42', 8),
(131, 8, 'masuk', 'input data', NULL, 2, '2022-06-20', '2022-06-20 14:22:16', 8),
(132, 11, 'masuk', 'input data', NULL, 120, '2022-06-20', '2022-06-20 14:24:39', 8),
(133, 12, 'masuk', 'input data', NULL, 27, '2022-06-20', '2022-06-20 14:25:04', 8),
(134, 10, 'masuk', 'input data', NULL, 36, '2022-06-20', '2022-06-20 14:25:22', 8),
(135, 129, 'masuk', 'input data', NULL, 13, '2022-06-20', '2022-06-20 14:55:44', 8),
(136, 131, 'masuk', 'input data', NULL, 3500, '2022-06-21', '2022-06-21 08:47:04', 9),
(137, 107, 'masuk', 'input data', NULL, 80, '2022-06-21', '2022-06-21 08:47:32', 9),
(138, 108, 'masuk', 'input data', NULL, 50, '2022-06-21', '2022-06-21 08:48:24', 9),
(139, 132, 'masuk', 'input data', NULL, 8000, '2022-06-21', '2022-06-21 09:16:17', 9),
(140, 133, 'masuk', 'input data', NULL, 8000, '2022-06-21', '2022-06-21 09:16:52', 9),
(141, 134, 'masuk', 'input data', NULL, 4000, '2022-06-21', '2022-06-21 09:17:04', 9),
(142, 135, 'masuk', 'input data', NULL, 7000, '2022-06-21', '2022-06-21 09:17:13', 9),
(143, 136, 'masuk', 'input data', NULL, 6000, '2022-06-21', '2022-06-21 09:17:25', 9),
(144, 137, 'masuk', 'input data', NULL, 1000, '2022-06-21', '2022-06-21 09:17:38', 9),
(145, 138, 'masuk', 'input data', NULL, 6000, '2022-06-21', '2022-06-21 09:17:53', 9),
(146, 139, 'masuk', 'input data', NULL, 40, '2022-06-21', '2022-06-21 09:18:07', 9),
(147, 142, 'masuk', 'input data', NULL, 40, '2022-06-21', '2022-06-21 09:24:26', 9),
(148, 143, 'masuk', 'input data', NULL, 80, '2022-06-21', '2022-06-21 09:24:57', 9),
(151, 30, 'masuk', 'tambah', NULL, 25, '2022-06-21', '2022-06-21 09:41:36', 9),
(152, 115, 'masuk', 'input data', NULL, 75, '2022-06-21', '2022-06-21 09:52:48', 9),
(153, 37, 'masuk', 'input data', NULL, 12, '2022-06-21', '2022-06-21 09:55:43', 9),
(154, 5, 'masuk', 'input data', NULL, 72, '2022-06-21', '2022-06-21 10:00:03', 9),
(155, 131, 'masuk', 'kulakan', 1, 75000, '2022-06-21', '2022-06-21 11:34:58', 9),
(156, 12, 'masuk', 'tambah', NULL, 22, '2022-06-21', '2022-06-21 11:44:11', 9),
(157, 11, 'masuk', 'tambah', NULL, 40, '2022-06-21', '2022-06-21 11:44:59', 9),
(158, 10, 'masuk', 'tambah', NULL, 32, '2022-06-21', '2022-06-21 11:45:34', 9),
(159, 5, 'masuk', 'input data', NULL, 576, '2022-06-21', '2022-06-21 11:48:50', 9),
(160, 29, 'masuk', 'tambah', NULL, 40, '2022-06-21', '2022-06-21 12:06:56', 9),
(161, 144, 'masuk', 'input data', NULL, 11, '2022-06-21', '2022-06-21 12:12:37', 9),
(162, 145, 'masuk', 'input data', NULL, 5, '2022-06-21', '2022-06-21 12:12:57', 9),
(163, 29, 'masuk', 'tambah', NULL, 30, '2022-06-21', '2022-06-21 12:15:49', 9),
(164, 147, 'masuk', 'tambah', NULL, 10, '2022-06-21', '2022-06-21 13:36:28', 9),
(165, 146, 'masuk', 'input data', NULL, 1, '2022-06-21', '2022-06-21 13:51:03', 9),
(166, 148, 'masuk', 'input data', NULL, 16, '2022-06-21', '2022-06-21 14:00:12', 9),
(167, 140, 'masuk', 'input data', NULL, 60, '2022-06-21', '2022-06-21 14:48:42', 9),
(168, 141, 'masuk', 'input data', NULL, 80, '2022-06-21', '2022-06-21 14:49:11', 9),
(169, 150, 'masuk', 'input data', NULL, 10, '2022-06-21', '2022-06-21 16:04:01', 9),
(170, 150, 'masuk', 'tambah', NULL, 15, '2022-06-21', '2022-06-21 16:13:15', 9),
(171, 124, 'masuk', 'kulakan', NULL, 10, '2022-06-22', '2022-06-22 10:15:00', 9),
(172, 151, 'masuk', 'tambah', NULL, 40, '2022-06-22', '2022-06-22 10:22:19', 9),
(174, 152, 'masuk', 'kulakan', 2, 24, '2022-06-22', '2022-06-22 14:15:56', 9),
(175, 153, 'masuk', 'kulakan', NULL, 6, '2022-06-22', '2022-06-22 15:27:11', 9),
(176, 119, 'masuk', 'kulakan', NULL, 5, '2022-06-22', '2022-06-22 16:02:17', 9),
(177, 124, 'masuk', 'kulakan', NULL, 3, '2022-06-22', '2022-06-22 16:03:35', 9),
(178, 37, 'masuk', 'kulakan', NULL, 12, '2022-06-22', '2022-06-22 16:07:20', 9),
(179, 154, 'masuk', 'kulakan', NULL, 60, '2022-06-22', '2022-06-22 16:16:36', 9),
(180, 155, 'masuk', 'kulakan', NULL, 240, '2022-06-23', '2022-06-23 09:04:10', 9),
(181, 156, 'masuk', 'kulakan', NULL, 40, '2022-06-23', '2022-06-23 09:12:13', 9),
(182, 107, 'masuk', 'kulakan', NULL, 30, '2022-06-23', '2022-06-23 09:20:16', 9),
(184, 116, 'masuk', 'kulakan', NULL, 5, '2022-06-23', '2022-06-23 09:24:33', 9),
(185, 157, 'masuk', 'kulakan', NULL, 4, '2022-06-23', '2022-06-23 10:35:58', 9),
(187, 158, 'masuk', 'kulakan', NULL, 4, '2022-06-23', '2022-06-23 10:39:57', 9),
(188, 160, 'masuk', 'kulakan', NULL, 10, '2022-06-23', '2022-06-23 10:48:10', 9),
(189, 147, 'masuk', 'tambah', NULL, 9, '2022-06-23', '2022-06-23 11:07:22', 9),
(190, 28, 'masuk', 'Kulakan', NULL, 144, '2022-06-23', '2022-06-23 12:17:34', 9),
(191, 159, 'masuk', 'kulakan', NULL, 12, '2022-06-23', '2022-06-23 12:21:22', 9),
(193, 157, 'keluar', 'diecer', NULL, 1, '2022-06-23', '2022-06-23 16:00:06', 9),
(194, 147, 'masuk', 'tambah', NULL, 10, '2022-06-23', '2022-06-23 16:04:17', 9),
(195, 75, 'masuk', 'kulakan', NULL, 12, '2022-06-24', '2022-06-24 08:51:56', 9),
(196, 82, 'keluar', 'retur', NULL, 2, '2022-06-24', '2022-06-24 08:57:55', 9),
(197, 82, 'masuk', 'kulakan', NULL, 100, '2022-06-24', '2022-06-24 09:05:42', 9),
(198, 82, 'masuk', 'ganti retur', NULL, 2, '2022-06-24', '2022-06-24 09:06:04', 9),
(199, 131, 'masuk', 'kulakan', 1, 120000, '2022-06-24', '2022-06-24 09:18:14', 9),
(200, 158, 'masuk', 'tambah', NULL, 1, '2022-06-24', '2022-06-24 09:42:59', 9),
(201, 162, 'masuk', 'tambah', NULL, 10, '2022-06-24', '2022-06-24 10:23:16', 9),
(202, 163, 'masuk', 'tambah', NULL, 10, '2022-06-24', '2022-06-24 10:23:33', 9),
(203, 128, 'masuk', 'tambah', NULL, 2, '2022-06-24', '2022-06-24 10:24:25', 9),
(204, 66, 'masuk', 'tambah', NULL, 30, '2022-06-24', '2022-06-24 10:25:58', 9),
(205, 67, 'masuk', 'kulakan', NULL, 48, '2022-06-24', '2022-06-24 10:26:31', 9),
(207, 164, 'masuk', 'tambah', NULL, 12, '2022-06-24', '2022-06-24 10:30:12', 9),
(208, 166, 'masuk', 'tambah', NULL, 12, '2022-06-24', '2022-06-24 10:30:42', 9),
(209, 165, 'masuk', 'tambah', NULL, 12, '2022-06-24', '2022-06-24 10:30:58', 9),
(210, 67, 'keluar', 'di ecer', NULL, 1, '2022-06-24', '2022-06-24 10:31:19', 9),
(211, 66, 'keluar', 'di ecer', NULL, 1, '2022-06-24', '2022-06-24 10:31:50', 9),
(213, 116, 'keluar', 'di ecer', NULL, 1, '2022-06-24', '2022-06-24 10:32:27', 9),
(214, 14, 'keluar', 'di ecer', NULL, 1, '2022-06-24', '2022-06-24 10:32:44', 9),
(215, 13, 'masuk', 'tambah', NULL, 40, '2022-06-24', '2022-06-24 10:33:26', 9),
(216, 14, 'masuk', 'tambah', NULL, 40, '2022-06-24', '2022-06-24 10:33:44', 9),
(217, 161, 'masuk', 'input data', NULL, 25000, '2022-06-24', '2022-06-24 10:34:27', 9),
(218, 149, 'masuk', 'input data', NULL, 4, '2022-06-24', '2022-06-24 10:35:00', 9),
(219, 167, 'masuk', 'tambah', NULL, 5000, '2022-06-24', '2022-06-24 10:36:49', 9),
(220, 100, 'masuk', 'tambah', NULL, 50, '2022-06-24', '2022-06-24 10:39:32', 9),
(221, 127, 'masuk', 'tambah', NULL, 1, '2022-06-24', '2022-06-24 10:44:25', 9),
(222, 157, 'masuk', 'kulakan', NULL, 4, '2022-06-24', '2022-06-24 10:45:27', 9),
(223, 69, 'keluar', 'di ecer', NULL, 1, '2022-06-24', '2022-06-24 14:54:57', 9),
(224, 160, 'masuk', 'tambah', NULL, 15, '2022-06-25', '2022-06-25 09:02:30', 9),
(225, 168, 'masuk', 'tambah', NULL, 20, '2022-06-25', '2022-06-25 09:28:46', 9),
(226, 12, 'masuk', 'kulakan', NULL, 100, '2022-06-25', '2022-06-25 09:33:22', 9),
(227, 169, 'masuk', 'kulakan', NULL, 100, '2022-06-25', '2022-06-25 09:40:30', 9),
(229, 100, 'masuk', 'kulakan', NULL, 30, '2022-06-25', '2022-06-25 09:51:40', 9),
(230, 110, 'masuk', 'ambil dari gudang', NULL, 2, '2022-06-25', '2022-06-25 09:53:17', 9),
(231, 33, 'masuk', 'kulakan', NULL, 24, '2022-06-25', '2022-06-25 09:53:58', 9),
(232, 131, 'masuk', 'kulakan', 1, 15000, '2022-06-25', '2022-06-25 09:58:02', 9),
(233, 170, 'masuk', 'tambah', NULL, 30, '2022-06-25', '2022-06-25 10:09:13', 9),
(234, 171, 'masuk', 'tambah', NULL, 5000, '2022-06-25', '2022-06-25 10:30:50', 9),
(235, 172, 'masuk', 'Kulakan', NULL, 25, '2022-06-25', '2022-06-25 12:09:09', 9),
(236, 174, 'masuk', 'input data', NULL, 50, '2022-06-25', '2022-06-25 13:36:31', 9),
(237, 175, 'masuk', 'input data', NULL, 220, '2022-06-25', '2022-06-25 13:36:59', 9),
(239, 42, 'masuk', 'tambah', NULL, 24, '2022-06-25', '2022-06-25 15:07:54', 9),
(240, 107, 'masuk', 'kulakan', NULL, 20, '2022-06-25', '2022-06-25 15:34:57', 9),
(241, 171, 'masuk', 'kulakan', NULL, 10000, '2022-06-25', '2022-06-25 16:01:13', 9),
(242, 11, 'masuk', 'tambah', NULL, 20, '2022-06-25', '2022-06-25 16:01:36', 9),
(243, 176, 'masuk', 'kulakan', NULL, 10, '2022-06-26', '2022-06-26 09:03:17', 9),
(244, 177, 'masuk', 'tambah', NULL, 30, '2022-06-26', '2022-06-26 09:35:36', 9),
(245, 79, 'masuk', 'kulakan', NULL, 50, '2022-06-26', '2022-06-26 10:09:29', 9),
(246, 178, 'masuk', 'tambah', NULL, 6, '2022-06-26', '2022-06-26 10:14:24', 9),
(248, 173, 'masuk', 'kulakan', NULL, 40, '2022-06-26', '2022-06-26 10:51:43', 9),
(249, 172, 'keluar', 'di ecer', NULL, 1, '2022-06-26', '2022-06-26 10:52:08', 9),
(250, 131, 'masuk', 'kulakan', NULL, 5000, '2022-06-26', '2022-06-26 10:56:49', 9),
(251, 179, 'masuk', 'kulakan', NULL, 8, '2022-06-26', '2022-06-26 11:30:25', 9),
(252, 180, 'masuk', 'kulakan', NULL, 40, '2022-06-27', '2022-06-27 08:45:56', 9),
(254, 166, 'masuk', 'tambah', NULL, 12, '2022-06-27', '2022-06-27 10:31:48', 9),
(255, 69, 'keluar', 'di ecer', NULL, 1, '2022-06-27', '2022-06-27 10:32:13', 9),
(256, 178, 'masuk', 'tambah', NULL, 4, '2022-06-27', '2022-06-27 11:34:10', 9),
(257, 30, 'masuk', 'tambah', NULL, 10, '2022-06-27', '2022-06-27 11:35:05', 9),
(258, 162, 'masuk', 'tambah', NULL, 10, '2022-06-27', '2022-06-27 11:35:32', 9),
(259, 100, 'keluar', 'di ecer', NULL, 1, '2022-06-27', '2022-06-27 11:35:55', 9),
(260, 113, 'masuk', 'kulakan', NULL, 40, '2022-06-27', '2022-06-27 13:03:11', 9),
(261, 112, 'masuk', 'kulakan', NULL, 10, '2022-06-27', '2022-06-27 13:03:42', 9),
(262, 110, 'masuk', 'kulkan', NULL, 5, '2022-06-27', '2022-06-27 13:07:08', 9),
(263, 179, 'masuk', 'kulakan', NULL, 10, '2022-06-27', '2022-06-27 13:07:33', 9),
(264, 157, 'keluar', 'di ecer', NULL, 1, '2022-06-27', '2022-06-27 13:20:39', 9),
(265, 107, 'masuk', 'tambah', NULL, 10, '2022-06-27', '2022-06-27 13:21:10', 9),
(266, 107, 'masuk', 'tambah', NULL, 20, '2022-06-27', '2022-06-27 14:08:58', 9),
(267, 157, 'keluar', 'di ecer', NULL, 1, '2022-06-27', '2022-06-27 14:09:24', 9),
(268, 107, 'masuk', 'tambah', NULL, 18, '2022-06-27', '2022-06-27 14:10:49', 9),
(269, 76, 'masuk', 'kulakan', NULL, 20, '2022-06-27', '2022-06-27 16:00:33', 9),
(270, 116, 'keluar', 'di ecer', NULL, 1, '2022-06-27', '2022-06-27 16:22:11', 9),
(271, 13, 'masuk', 'tambah', NULL, 40, '2022-06-27', '2022-06-27 16:22:52', 9),
(272, 160, 'masuk', 'kulakan', NULL, 5, '2022-06-27', '2022-06-27 16:25:44', 9),
(273, 24, 'keluar', 'kadaluwarsa', NULL, 5, '2022-10-17', '2022-10-17 14:31:07', 1),
(278, 186, 'masuk', 'kulakan', NULL, 50, '2022-10-19', '2022-10-19 19:39:35', 1),
(279, 187, 'masuk', 'kulakan', NULL, 50, '2022-10-19', '2022-10-19 19:39:48', 1),
(280, 186, 'keluar', 'rusak', NULL, 1, '2022-10-19', '2022-10-19 19:40:13', 1);

--
-- Indexes for dumped tables
--

--
-- Indexes for table `pelanggan`
--
ALTER TABLE `pelanggan`
  ADD PRIMARY KEY (`id_pelanggan`);

--
-- Indexes for table `pemasok`
--
ALTER TABLE `pemasok`
  ADD PRIMARY KEY (`id_pemasok`);

--
-- Indexes for table `pengguna`
--
ALTER TABLE `pengguna`
  ADD PRIMARY KEY (`id_pengguna`);

--
-- Indexes for table `p_barang`
--
ALTER TABLE `p_barang`
  ADD PRIMARY KEY (`id_barang`),
  ADD KEY `id_kategori` (`id_kategori`),
  ADD KEY `id_satuan` (`id_satuan`);

--
-- Indexes for table `p_kategori`
--
ALTER TABLE `p_kategori`
  ADD PRIMARY KEY (`id_kategori`);

--
-- Indexes for table `p_satuan`
--
ALTER TABLE `p_satuan`
  ADD PRIMARY KEY (`id_satuan`);

--
-- Indexes for table `t_keranjang`
--
ALTER TABLE `t_keranjang`
  ADD PRIMARY KEY (`id_keranjang`),
  ADD KEY `id_barang` (`id_barang`),
  ADD KEY `id_pengguna` (`id_pengguna`);

--
-- Indexes for table `t_penjualan`
--
ALTER TABLE `t_penjualan`
  ADD PRIMARY KEY (`id_penjualan`),
  ADD KEY `id_pelanggan` (`id_pelanggan`),
  ADD KEY `id_pengguna` (`id_pengguna`);

--
-- Indexes for table `t_penjualan_detail`
--
ALTER TABLE `t_penjualan_detail`
  ADD PRIMARY KEY (`id_detail`),
  ADD KEY `id_barang` (`id_barang`);

--
-- Indexes for table `t_stok`
--
ALTER TABLE `t_stok`
  ADD PRIMARY KEY (`id_stok`),
  ADD KEY `id_barang` (`id_barang`),
  ADD KEY `id_pemasok` (`id_pemasok`),
  ADD KEY `id_pengguna` (`id_pengguna`);

--
-- AUTO_INCREMENT for dumped tables
--

--
-- AUTO_INCREMENT for table `pelanggan`
--
ALTER TABLE `pelanggan`
  MODIFY `id_pelanggan` int(11) NOT NULL AUTO_INCREMENT, AUTO_INCREMENT=2;

--
-- AUTO_INCREMENT for table `pemasok`
--
ALTER TABLE `pemasok`
  MODIFY `id_pemasok` int(11) NOT NULL AUTO_INCREMENT, AUTO_INCREMENT=4;

--
-- AUTO_INCREMENT for table `pengguna`
--
ALTER TABLE `pengguna`
  MODIFY `id_pengguna` int(11) NOT NULL AUTO_INCREMENT, AUTO_INCREMENT=11;

--
-- AUTO_INCREMENT for table `p_barang`
--
ALTER TABLE `p_barang`
  MODIFY `id_barang` int(11) NOT NULL AUTO_INCREMENT, AUTO_INCREMENT=188;

--
-- AUTO_INCREMENT for table `p_kategori`
--
ALTER TABLE `p_kategori`
  MODIFY `id_kategori` int(11) NOT NULL AUTO_INCREMENT, AUTO_INCREMENT=7;

--
-- AUTO_INCREMENT for table `p_satuan`
--
ALTER TABLE `p_satuan`
  MODIFY `id_satuan` int(11) NOT NULL AUTO_INCREMENT, AUTO_INCREMENT=14;

--
-- AUTO_INCREMENT for table `t_penjualan`
--
ALTER TABLE `t_penjualan`
  MODIFY `id_penjualan` int(11) NOT NULL AUTO_INCREMENT, AUTO_INCREMENT=210;

--
-- AUTO_INCREMENT for table `t_penjualan_detail`
--
ALTER TABLE `t_penjualan_detail`
  MODIFY `id_detail` int(11) NOT NULL AUTO_INCREMENT, AUTO_INCREMENT=497;

--
-- AUTO_INCREMENT for table `t_stok`
--
ALTER TABLE `t_stok`
  MODIFY `id_stok` int(11) NOT NULL AUTO_INCREMENT, AUTO_INCREMENT=281;

--
-- Constraints for dumped tables
--

--
-- Constraints for table `p_barang`
--
ALTER TABLE `p_barang`
  ADD CONSTRAINT `p_barang_ibfk_1` FOREIGN KEY (`id_kategori`) REFERENCES `p_kategori` (`id_kategori`),
  ADD CONSTRAINT `p_barang_ibfk_2` FOREIGN KEY (`id_satuan`) REFERENCES `p_satuan` (`id_satuan`);

--
-- Constraints for table `t_keranjang`
--
ALTER TABLE `t_keranjang`
  ADD CONSTRAINT `t_keranjang_ibfk_1` FOREIGN KEY (`id_barang`) REFERENCES `p_barang` (`id_barang`) ON DELETE CASCADE ON UPDATE CASCADE,
  ADD CONSTRAINT `t_keranjang_ibfk_2` FOREIGN KEY (`id_pengguna`) REFERENCES `pengguna` (`id_pengguna`) ON DELETE CASCADE ON UPDATE CASCADE;

--
-- Constraints for table `t_penjualan`
--
ALTER TABLE `t_penjualan`
  ADD CONSTRAINT `t_penjualan_ibfk_1` FOREIGN KEY (`id_pelanggan`) REFERENCES `pelanggan` (`id_pelanggan`),
  ADD CONSTRAINT `t_penjualan_ibfk_2` FOREIGN KEY (`id_pengguna`) REFERENCES `pengguna` (`id_pengguna`);

--
-- Constraints for table `t_penjualan_detail`
--
ALTER TABLE `t_penjualan_detail`
  ADD CONSTRAINT `t_penjualan_detail_ibfk_1` FOREIGN KEY (`id_barang`) REFERENCES `p_barang` (`id_barang`);

--
-- Constraints for table `t_stok`
--
ALTER TABLE `t_stok`
  ADD CONSTRAINT `t_stok_ibfk_1` FOREIGN KEY (`id_barang`) REFERENCES `p_barang` (`id_barang`) ON DELETE CASCADE ON UPDATE CASCADE,
  ADD CONSTRAINT `t_stok_ibfk_2` FOREIGN KEY (`id_pemasok`) REFERENCES `pemasok` (`id_pemasok`),
  ADD CONSTRAINT `t_stok_ibfk_3` FOREIGN KEY (`id_pengguna`) REFERENCES `pengguna` (`id_pengguna`);
COMMIT;

/*!40101 SET CHARACTER_SET_CLIENT=@OLD_CHARACTER_SET_CLIENT */;
/*!40101 SET CHARACTER_SET_RESULTS=@OLD_CHARACTER_SET_RESULTS */;
/*!40101 SET COLLATION_CONNECTION=@OLD_COLLATION_CONNECTION */;
